subject,complexity
brandone_2009.1.1_successfulreaching8.923,complex
brandone_2009.1.1_successfulreaching8.916,complex
brandone_2009.1.1_successfulreaching8.913,complex
brandone_2009.1.1_successfulreaching8.911,complex
brandone_2009.1.1_successfulreaching8.906,complex
brandone_2009.1.1_successfulreaching8.914,complex
brandone_2009.1.1_successfulreaching8.910,complex
brandone_2009.1.1_successfulreaching8.920,complex
brandone_2009.1.1_successfulreaching8.905,complex
brandone_2009.1.1_successfulreaching8.926,complex
brandone_2009.1.1_successfulreaching8.904,complex
brandone_2009.1.1_successfulreaching8.924,complex
brandone_2009.1.1_successfulreaching8.907,complex
brandone_2009.1.1_successfulreaching8.919,complex
brandone_2009.1.1_successfulreaching8.909,complex
brandone_2009.1.1_successfulreaching8.912,complex
brandone_2009.1.1_successfulreaching8.922,complex
brandone_2009.1.1_successfulreaching8.915,complex
brandone_2009.1.1_successfulreaching8.921,complex
brandone_2009.1.1_successfulreaching8.908,complex
brandone_2009.1.1_successfulreaching8.901,complex
brandone_2009.1.1_successfulreaching8.903,complex
brandone_2009.1.1_successfulreaching8.917,complex
brandone_2009.1.1_successfulreaching10.51,complex
brandone_2009.1.1_successfulreaching10.57,complex
brandone_2009.1.1_successfulreaching10.37,complex
brandone_2009.1.1_successfulreaching10.54,complex
brandone_2009.1.1_successfulreaching10.52,complex
brandone_2009.1.1_successfulreaching10.46,complex
brandone_2009.1.1_successfulreaching10.33,complex
brandone_2009.1.1_successfulreaching10.74,complex
brandone_2009.1.1_successfulreaching10.43,complex
brandone_2009.1.1_successfulreaching10.30,complex
brandone_2009.1.1_successfulreaching10.44,complex
brandone_2009.1.1_successfulreaching10.75,complex
brandone_2009.1.1_successfulreaching10.22,complex
brandone_2009.1.1_successfulreaching10.32,complex
brandone_2009.1.1_successfulreaching10.38,complex
brandone_2009.1.1_successfulreaching10.34,complex
brandone_2009.1.1_successfulreaching10.31,complex
brandone_2009.1.1_successfulreaching10.39,complex
brandone_2009.1.1_successfulreaching10.26,complex
brandone_2009.1.1_successfulreaching10.55,complex
brandone_2009.1.1_successfulreaching10.53,complex
brandone_2009.1.1_successfulreaching10.61,complex
brandone_2009.1.1_successfulreaching10.40,complex
brandone_2009.1.1_successfulreaching10.42,complex
brandone_2009.1.1_successfulreaching12.2,complex
brandone_2009.1.1_successfulreaching12.4,complex
brandone_2009.1.1_successfulreaching12.49,complex
brandone_2009.1.1_successfulreaching12.3,complex
brandone_2009.1.1_successfulreaching12.8,complex
brandone_2009.1.1_successfulreaching12.9,complex
brandone_2009.1.1_successfulreaching12.15,complex
brandone_2009.1.1_successfulreaching12.17,complex
brandone_2009.1.1_successfulreaching12.56,complex
brandone_2009.1.1_successfulreaching12.63,complex
brandone_2009.1.1_successfulreaching12.41,complex
brandone_2009.1.1_successfulreaching12.67,complex
brandone_2009.1.1_successfulreaching12.70,complex
brandone_2009.1.1_successfulreaching12.5,complex
brandone_2009.1.1_successfulreaching12.64,complex
brandone_2009.1.1_successfulreaching12.12,complex
brandone_2009.1.1_successfulreaching12.65,complex
brandone_2009.1.1_successfulreaching12.71,complex
brandone_2009.1.1_successfulreaching12.14,complex
brandone_2009.1.1_successfulreaching12.6,complex
brandone_2009.1.1_successfulreaching12.66,complex
brandone_2009.1.1_successfulreaching12.10,complex
brandone_2009.1.1_successfulreaching12.18,complex
brandone_2009.1.1_successfulreaching12.19,complex
brandone_2009.1.1_failedreaching8.815,complex
brandone_2009.1.1_failedreaching8.801,complex
brandone_2009.1.1_failedreaching8.803,complex
brandone_2009.1.1_failedreaching8.810,complex
brandone_2009.1.1_failedreaching8.816,complex
brandone_2009.1.1_failedreaching8.827,complex
brandone_2009.1.1_failedreaching8.817,complex
brandone_2009.1.1_failedreaching8.806,complex
brandone_2009.1.1_failedreaching8.802,complex
brandone_2009.1.1_failedreaching8.804,complex
brandone_2009.1.1_failedreaching8.824,complex
brandone_2009.1.1_failedreaching8.813,complex
brandone_2009.1.1_failedreaching8.812,complex
brandone_2009.1.1_failedreaching8.811,complex
brandone_2009.1.1_failedreaching8.808,complex
brandone_2009.1.1_failedreaching8.805,complex
brandone_2009.1.1_failedreaching8.818,complex
brandone_2009.1.1_failedreaching8.819,complex
brandone_2009.1.1_failedreaching8.809,complex
brandone_2009.1.1_failedreaching8.823,complex
brandone_2009.1.1_failedreaching8.814,complex
brandone_2009.1.1_failedreaching8.820,complex
brandone_2009.1.1_failedreaching8.825,complex
brandone_2009.1.1_failedreaching10.318,complex
brandone_2009.1.1_failedreaching10.316,complex
brandone_2009.1.1_failedreaching10.319,complex
brandone_2009.1.1_failedreaching10.325,complex
brandone_2009.1.1_failedreaching10.305,complex
brandone_2009.1.1_failedreaching10.320,complex
brandone_2009.1.1_failedreaching10.323,complex
brandone_2009.1.1_failedreaching10.307,complex
brandone_2009.1.1_failedreaching10.308,complex
brandone_2009.1.1_failedreaching10.301,complex
brandone_2009.1.1_failedreaching10.324,complex
brandone_2009.1.1_failedreaching10.312,complex
brandone_2009.1.1_failedreaching10.313,complex
brandone_2009.1.1_failedreaching10.304,complex
brandone_2009.1.1_failedreaching10.317,complex
brandone_2009.1.1_failedreaching10.302,complex
brandone_2009.1.1_failedreaching10.315,complex
brandone_2009.1.1_failedreaching10.311,complex
brandone_2009.1.1_failedreaching10.306,complex
brandone_2009.1.1_failedreaching10.303,complex
brandone_2009.1.1_failedreaching12.223,complex
brandone_2009.1.1_failedreaching12.209,complex
brandone_2009.1.1_failedreaching12.232,complex
brandone_2009.1.1_failedreaching12.204,complex
brandone_2009.1.1_failedreaching12.215,complex
brandone_2009.1.1_failedreaching12.207,complex
brandone_2009.1.1_failedreaching12.221,complex
brandone_2009.1.1_failedreaching12.206,complex
brandone_2009.1.1_failedreaching12.230,complex
brandone_2009.1.1_failedreaching12.201,complex
brandone_2009.1.1_failedreaching12.202,complex
brandone_2009.1.1_failedreaching12.218,complex
brandone_2009.1.1_failedreaching12.213,complex
brandone_2009.1.1_failedreaching12.210,complex
brandone_2009.1.1_failedreaching12.229,complex
brandone_2009.1.1_failedreaching12.228,complex
brandone_2009.1.1_failedreaching12.227,complex
brandone_2009.1.1_failedreaching12.219,complex
brandone_2009.1.1_failedreaching12.203,complex
brandone_2009.1.1_failedreaching12.234,complex
brandone_2009.1.1_control10.109,complex
brandone_2009.1.1_control10.169,complex
brandone_2009.1.1_control10.123,complex
brandone_2009.1.1_control10.177,complex
brandone_2009.1.1_control10.176,complex
brandone_2009.1.1_control10.124,complex
brandone_2009.1.1_control10.126,complex
brandone_2009.1.1_control10.128,complex
brandone_2009.1.1_control10.114,complex
brandone_2009.1.1_control10.106,complex
brandone_2009.1.1_control10.173,complex
brandone_2009.1.1_control10.113,complex
brandone_2009.1.1_control10.119,complex
brandone_2009.1.1_control10.116,complex
brandone_2009.1.1_control10.105,complex
brandone_2009.1.1_control10.175,complex
brandone_2009.1.1_control10.117,complex
brandone_2009.1.1_control10.121,complex
brandone_2009.1.1_control10.122,complex
brandone_2009.1.1_control10.149,complex
brandone_2009.1.1_control10.104,complex
brandone_2009.1.1_control10.174,complex
brandone_2009.1.1_control12.139,complex
brandone_2009.1.1_control12.165,complex
brandone_2009.1.1_control12.147,complex
brandone_2009.1.1_control12.154,complex
brandone_2009.1.1_control12.157,complex
brandone_2009.1.1_control12.140,complex
brandone_2009.1.1_control12.142,complex
brandone_2009.1.1_control12.143,complex
brandone_2009.1.1_control12.159,complex
brandone_2009.1.1_control12.158,complex
brandone_2009.1.1_control12.130,complex
brandone_2009.1.1_control12.103,complex
brandone_2009.1.1_control12.156,complex
brandone_2009.1.1_control12.144,complex
brandone_2009.1.1_control12.162,complex
brandone_2009.1.1_control12.163,complex
brandone_2009.1.1_control12.150,complex
brandone_2009.1.1_control12.146,complex
brandone_2009.1.1_control12.168,complex
brandone_2009.1.1_control12.58,complex
brandone_2009.1.1_control12.153,complex
brandone_2009.1.1_control12.135,complex
brandone_2009.1.1_control12.131,complex
brandone_2009.1.1_control12.145,complex
choi_2018.1.1_twoobject.1,complex
choi_2018.1.1_twoobject.2,complex
choi_2018.1.1_twoobject.3,complex
choi_2018.1.1_twoobject.4,complex
choi_2018.1.1_twoobject.5,complex
choi_2018.1.1_twoobject.6,complex
choi_2018.1.1_twoobject.7,complex
choi_2018.1.1_twoobject.8,complex
choi_2018.1.1_twoobject.9,complex
choi_2018.1.1_twoobject.10,complex
choi_2018.1.1_twoobject.11,complex
choi_2018.1.1_twoobject.12,complex
choi_2018.1.1_twoobject.13,complex
choi_2018.1.1_twoobject.14,complex
choi_2018.1.1_twoobject.15,complex
choi_2018.1.1_twoobject.16,complex
choi_2018.1.1_oneobject.17,complex
choi_2018.1.1_oneobject.18,complex
choi_2018.1.1_oneobject.19,complex
choi_2018.1.1_oneobject.20,complex
choi_2018.1.1_oneobject.21,complex
choi_2018.1.1_oneobject.22,complex
choi_2018.1.1_oneobject.23,complex
choi_2018.1.1_oneobject.24,complex
choi_2018.1.1_oneobject.25,complex
choi_2018.1.1_oneobject.26,complex
choi_2018.1.1_oneobject.27,complex
choi_2018.1.1_oneobject.28,complex
choi_2018.1.1_oneobject.29,complex
choi_2018.1.1_oneobject.30,complex
choi_2018.1.1_oneobject.31,complex
choi_2018.1.1_oneobject.32,complex
choi_2018.1.1_hidden.33,complex
choi_2018.1.1_hidden.34,complex
choi_2018.1.1_hidden.35,complex
choi_2018.1.1_hidden.36,complex
choi_2018.1.1_hidden.37,complex
choi_2018.1.1_hidden.38,complex
choi_2018.1.1_hidden.39,complex
choi_2018.1.1_hidden.40,complex
choi_2018.1.1_hidden.41,complex
choi_2018.1.1_hidden.42,complex
choi_2018.1.1_hidden.43,complex
choi_2018.1.1_hidden.44,complex
choi_2018.1.1_hidden.45,complex
choi_2018.1.1_hidden.46,complex
choi_2018.1.1_hidden.47,complex
choi_2018.1.1_hidden.48,complex
chuey_2021.4.4_online.P2-,complex
chuey_2021.4.4_online.P3-,complex
chuey_2021.4.4_online.P7a-,complex
chuey_2021.4.4_online.P8-,complex
chuey_2021.4.4_online.P9-,complex
chuey_2021.4.4_online.P10,complex
chuey_2021.4.4_online.P4-,complex
chuey_2021.4.4_online.P5-,complex
chuey_2021.4.4_online.P6-,complex
chuey_2021.4.4_online.P7-,complex
chuey_2021.4.4_online.P12,complex
chuey_2021.4.4_online.P13,complex
chuey_2021.4.4_online.P14,complex
chuey_2021.4.4_online.P15,complex
chuey_2021.4.4_online.P16,complex
chuey_2021.4.4_online.P17,complex
chuey_2021.4.4_online.P18,complex
chuey_2021.4.4_online.P19,complex
chuey_2021.4.4_online.P20,complex
chuey_2021.4.4_online.P21,complex
chuey_2021.4.4_online.P22,complex
chuey_2021.4.4_online.P23,complex
chuey_2021.4.4_online.P24,complex
chuey_2021.4.4_online.P26,complex
chuey_2021.4.4_online.P27,complex
chuey_2021.4.4_online.P28,complex
chuey_2021.4.4_online.P29,complex
chuey_2021.4.4_online.P30,complex
gerson_2014a.1.1_active.70,complex
gerson_2014a.1.1_active.73,complex
gerson_2014a.1.1_active.75,complex
gerson_2014a.1.1_active.82,complex
gerson_2014a.1.1_active.84,complex
gerson_2014a.1.1_active.88,complex
gerson_2014a.1.1_active.89,complex
gerson_2014a.1.1_active.93,complex
gerson_2014a.1.1_active.94,complex
gerson_2014a.1.1_active.98,complex
gerson_2014a.1.1_active.99,complex
gerson_2014a.1.1_active.103,complex
gerson_2014a.1.1_active.105,complex
gerson_2014a.1.1_active.114,complex
gerson_2014a.1.1_active.115,complex
gerson_2014a.1.1_active.118,complex
gerson_2014a.1.1_active.120,complex
gerson_2014a.1.1_active.122,complex
gerson_2014a.1.1_active.131,complex
gerson_2014a.1.1_active.139,complex
gerson_2014a.1.1_active.190,complex
gerson_2014a.1.1_active.197,complex
gerson_2014a.1.1_active.200,complex
gerson_2014a.1.1_active.228,complex
gerson_2014a.1.1_observational.112,complex
gerson_2014a.1.1_observational.119,complex
gerson_2014a.1.1_observational.124,complex
gerson_2014a.1.1_observational.126,complex
gerson_2014a.1.1_observational.137,complex
gerson_2014a.1.1_observational.138,complex
gerson_2014a.1.1_observational.139,complex
gerson_2014a.1.1_observational.140,complex
gerson_2014a.1.1_observational.146,complex
gerson_2014a.1.1_observational.149,complex
gerson_2014a.1.1_observational.150,complex
gerson_2014a.1.1_observational.151,complex
gerson_2014a.1.1_observational.152,complex
gerson_2014a.1.1_observational.160,complex
gerson_2014a.1.1_observational.170,complex
gerson_2014a.1.1_observational.179,complex
gerson_2014a.1.1_observational.202,complex
gerson_2014a.1.1_observational.218,complex
gerson_2014a.1.1_observational.219,complex
gerson_2014a.1.1_observational.220,complex
gerson_2014a.1.1_observational.223,complex
gerson_2014a.1.1_observational.232,complex
gerson_2014a.1.1_observational.233,complex
gerson_2014a.1.1_observational.234,complex
gerson_2014a.1.1_control.168,complex
gerson_2014a.1.1_control.169,complex
gerson_2014a.1.1_control.171,complex
gerson_2014a.1.1_control.174,complex
gerson_2014a.1.1_control.175,complex
gerson_2014a.1.1_control.178,complex
gerson_2014a.1.1_control.180,complex
gerson_2014a.1.1_control.181,complex
gerson_2014a.1.1_control.182,complex
gerson_2014a.1.1_control.183,complex
gerson_2014a.1.1_control.186,complex
gerson_2014a.1.1_control.187,complex
gerson_2014a.1.1_control.189,complex
gerson_2014a.1.1_control.191,complex
gerson_2014a.1.1_control.193,complex
gerson_2014a.1.1_control.194,complex
gerson_2014a.1.1_control.196,complex
gerson_2014a.1.1_control.201,complex
gerson_2014a.1.1_control.204,complex
gerson_2014a.1.1_control.205,complex
gerson_2014a.1.1_control.210,complex
gerson_2014a.1.1_control.211,complex
gerson_2014a.1.1_control.212,complex
gerson_2014a.1.1_control.213,complex
gerson_2014b.1.1_active.32,complex
gerson_2014b.1.1_active.67,complex
gerson_2014b.1.1_active.69,complex
gerson_2014b.1.1_active.72,complex
gerson_2014b.1.1_active.76,complex
gerson_2014b.1.1_active.77,complex
gerson_2014b.1.1_active.78,complex
gerson_2014b.1.1_active.79,complex
gerson_2014b.1.1_active.81,complex
gerson_2014b.1.1_active.86,complex
gerson_2014b.1.1_active.88,complex
gerson_2014b.1.1_active.91,complex
gerson_2014b.1.1_active.92,complex
gerson_2014b.1.1_active.94,complex
gerson_2014b.1.1_active.95,complex
gerson_2014b.1.1_active.102,complex
gerson_2014b.1.1_active.144,complex
gerson_2014b.1.1_active.143,complex
gerson_2014b.1.1_active.146,complex
gerson_2014b.1.1_active.147,complex
gerson_2014b.1.1_active.148,complex
gerson_2014b.1.1_active.151,complex
gerson_2014b.1.1_active.159,complex
gerson_2014b.1.1_active.162,complex
gerson_2014b.1.1_active.165,complex
gerson_2014b.1.1_active.166,complex
gerson_2014b.1.1_active.167,complex
gerson_2014b.1.1_active.169,complex
gerson_2014b.1.1_active.171,complex
gerson_2014b.1.1_active.173,complex
gerson_2014b.1.1_observational.19,complex
gerson_2014b.1.1_observational.27,complex
gerson_2014b.1.1_observational.25,complex
gerson_2014b.1.1_observational.12,complex
gerson_2014b.1.1_observational.3,complex
gerson_2014b.1.1_observational.10,complex
gerson_2014b.1.1_observational.30,complex
gerson_2014b.1.1_observational.21,complex
gerson_2014b.1.1_observational.33,complex
gerson_2014b.1.1_observational.39,complex
gerson_2014b.1.1_observational.16,complex
gerson_2014b.1.1_observational.13,complex
gerson_2014b.1.1_observational.11,complex
gerson_2014b.1.1_observational.18,complex
gerson_2014b.1.1_observational.28,complex
gerson_2014b.1.1_observational.40,complex
gerson_2014b.1.1_observational.5,complex
gerson_2014b.1.1_observational.22,complex
gerson_2014b.1.1_observational.2,complex
gerson_2014b.1.1_observational.24,complex
gerson_2014b.1.1_observational.14,complex
gerson_2014b.1.1_observational.34,complex
gerson_2014b.1.1_observational.26,complex
gerson_2014b.1.1_observational.35,complex
gerson_2014b.1.1_observational.23,complex
gerson_2014b.1.1_observational.20,complex
gerson_2014b.1.1_observational.7,complex
gerson_2014b.1.1_observational.36,complex
gerson_2014b.1.1_observational.9,complex
gerson_2014b.1.1_observational.38,complex
gerson_2014b.2.2.105,complex
gerson_2014b.2.2.125,complex
gerson_2014b.2.2.97,complex
gerson_2014b.2.2.118,complex
gerson_2014b.2.2.46,complex
gerson_2014b.2.2.38,complex
gerson_2014b.2.2.22,complex
gerson_2014b.2.2.115,complex
gerson_2014b.2.2.106,complex
gerson_2014b.2.2.40,complex
gerson_2014b.2.2.123,complex
gerson_2014b.2.2.99,complex
gerson_2014b.2.2.110,complex
gerson_2014b.2.2.107,complex
gerson_2014b.2.2.129,complex
gerson_2014b.2.2.132,complex
gerson_2014b.2.2.131,complex
gerson_2014b.2.2.29,complex
gerson_2014b.2.2.122,complex
gerson_2014b.2.2.43,complex
gerson_2014b.2.2.137,complex
gerson_2014b.2.2.134,complex
gerson_2014b.2.2.160,complex
gerson_2014b.2.2.141,complex
gerson_2014b.2.2.120,complex
gerson_2014b.2.2.104,complex
gerson_2014b.2.2.68,complex
gerson_2014b.2.2.18,complex
gerson_2014b.2.2.163,complex
gerson_2014b.2.2.87,complex
hespos_2009.1.1_habtosolid.41,similar
hespos_2009.1.1_habtosolid.22,similar
hespos_2009.1.1_habtosolid.39,similar
hespos_2009.1.1_habtosolid.46,similar
hespos_2009.1.1_habtosolid.10,similar
hespos_2009.1.1_habtosolid.15,similar
hespos_2009.1.1_habtosolid.42,similar
hespos_2009.1.1_habtosolid.44,similar
hespos_2009.1.1_habtosolid.29,similar
hespos_2009.1.1_habtosolid.36,similar
hespos_2009.1.1_habtosolid.43,similar
hespos_2009.1.1_habtosolid.37,similar
hespos_2009.1.1_habtosolid.12,similar
hespos_2009.1.1_habtosolid.19,similar
hespos_2009.1.1_habtosolid.27,similar
hespos_2009.1.1_habtosolid.21,similar
hespos_2009.2.2_habtosolid.44,similar
hespos_2009.2.2_habtosolid.11,similar
hespos_2009.2.2_habtosolid.15,similar
hespos_2009.2.2_habtosolid.46,similar
hespos_2009.2.2_habtosolid.47,similar
hespos_2009.2.2_habtosolid.50,similar
hespos_2009.2.2_habtosolid.29,similar
hespos_2009.2.2_habtosolid.4,similar
hespos_2009.2.2_habtosolid.10,similar
hespos_2009.2.2_habtosolid.18,similar
hespos_2009.2.2_habtosolid.27,similar
hespos_2009.2.2_habtosolid.16,similar
hespos_2009.2.2_habtosolid.26,similar
hespos_2009.2.2_habtosolid.36,similar
hespos_2009.2.2_habtosolid.39,similar
liu_2017a.1.1.E1_1,complex
liu_2017a.1.1.E1_10,complex
liu_2017a.1.1.E1_11,complex
liu_2017a.1.1.E1_12,complex
liu_2017a.1.1.E1_13,complex
liu_2017a.1.1.E1_14,complex
liu_2017a.1.1.E1_15,complex
liu_2017a.1.1.E1_16,complex
liu_2017a.1.1.E1_17,complex
liu_2017a.1.1.E1_18,complex
liu_2017a.1.1.E1_19,complex
liu_2017a.1.1.E1_2,complex
liu_2017a.1.1.E1_20,complex
liu_2017a.1.1.E1_3,complex
liu_2017a.1.1.E1_4,complex
liu_2017a.1.1.E1_5,complex
liu_2017a.1.1.E1_6,complex
liu_2017a.1.1.E1_7,complex
liu_2017a.1.1.E1_8,complex
liu_2017a.1.1.E1_9,complex
liu_2017a.2.2.E2_1,complex
liu_2017a.2.2.E2_10,complex
liu_2017a.2.2.E2_11,complex
liu_2017a.2.2.E2_12,complex
liu_2017a.2.2.E2_13,complex
liu_2017a.2.2.E2_14,complex
liu_2017a.2.2.E2_15,complex
liu_2017a.2.2.E2_16,complex
liu_2017a.2.2.E2_17,complex
liu_2017a.2.2.E2_18,complex
liu_2017a.2.2.E2_19,complex
liu_2017a.2.2.E2_2,complex
liu_2017a.2.2.E2_20,complex
liu_2017a.2.2.E2_3,complex
liu_2017a.2.2.E2_4,complex
liu_2017a.2.2.E2_5,complex
liu_2017a.2.2.E2_6,complex
liu_2017a.2.2.E2_7,complex
liu_2017a.2.2.E2_8,complex
liu_2017a.2.2.E2_9,complex
liu_2017a.3.3.E3_1,complex
liu_2017a.3.3.E3_10,complex
liu_2017a.3.3.E3_11,complex
liu_2017a.3.3.E3_12,complex
liu_2017a.3.3.E3_13,complex
liu_2017a.3.3.E3_14,complex
liu_2017a.3.3.E3_15,complex
liu_2017a.3.3.E3_16,complex
liu_2017a.3.3.E3_17,complex
liu_2017a.3.3.E3_18,complex
liu_2017a.3.3.E3_19,complex
liu_2017a.3.3.E3_2,complex
liu_2017a.3.3.E3_20,complex
liu_2017a.3.3.E3_3,complex
liu_2017a.3.3.E3_4,complex
liu_2017a.3.3.E3_5,complex
liu_2017a.3.3.E3_6,complex
liu_2017a.3.3.E3_7,complex
liu_2017a.3.3.E3_8,complex
liu_2017a.3.3.E3_9,complex
liu_2017b.1.1.S1_18,complex
liu_2017b.1.1.S1_16,complex
liu_2017b.1.1.S1_3,complex
liu_2017b.1.1.S1_17,complex
liu_2017b.1.1.S1_11,complex
liu_2017b.1.1.S1_8,complex
liu_2017b.1.1.S1_15,complex
liu_2017b.1.1.S1_4,complex
liu_2017b.1.1.S1_23,complex
liu_2017b.1.1.S1_13,complex
liu_2017b.1.1.S1_22,complex
liu_2017b.1.1.S1_1,complex
liu_2017b.1.1.S1_2,complex
liu_2017b.1.1.S1_24,complex
liu_2017b.1.1.S1_6,complex
liu_2017b.1.1.S1_10,complex
liu_2017b.1.1.S1_12,complex
liu_2017b.1.1.S1_7,complex
liu_2017b.1.1.S1_14,complex
liu_2017b.1.1.S1_21,complex
liu_2017b.1.1.S1_5,complex
liu_2017b.1.1.S1_19,complex
liu_2017b.1.1.S1_9,complex
liu_2017b.1.1.S1_20,complex
liu_2017b.2.2.S2_14,complex
liu_2017b.2.2.S2_18,complex
liu_2017b.2.2.S2_9,complex
liu_2017b.2.2.S2_23,complex
liu_2017b.2.2.S2_1,complex
liu_2017b.2.2.S2_22,complex
liu_2017b.2.2.S2_12,complex
liu_2017b.2.2.S2_17,complex
liu_2017b.2.2.S2_10,complex
liu_2017b.2.2.S2_8,complex
liu_2017b.2.2.S2_4,complex
liu_2017b.2.2.S2_5,complex
liu_2017b.2.2.S2_20,complex
liu_2017b.2.2.S2_11,complex
liu_2017b.2.2.S2_24,complex
liu_2017b.2.2.S2_16,complex
liu_2017b.2.2.S2_6,complex
liu_2017b.2.2.S2_7,complex
liu_2017b.2.2.S2_13,complex
liu_2017b.2.2.S2_2,complex
liu_2017b.2.2.S2_3,complex
liu_2017b.2.2.S2_21,complex
liu_2017b.2.2.S2_15,complex
liu_2017b.2.2.S2_19,complex
liu_2017b.3.3.S3_2,complex
liu_2017b.3.3.S3_6,complex
liu_2017b.3.3.S3_11,complex
liu_2017b.3.3.S3_12,complex
liu_2017b.3.3.S3_13,complex
liu_2017b.3.3.S3_15,complex
liu_2017b.3.3.S3_16,complex
liu_2017b.3.3.S3_17,complex
liu_2017b.3.3.S3_19,complex
liu_2017b.3.3.S3_20,complex
liu_2017b.3.3.S3_22,complex
liu_2017b.3.3.S3_24,complex
liu_2017b.3.3.S3_25,complex
liu_2017b.3.3.S3_29,complex
liu_2017b.3.3.S3_30,complex
liu_2017b.3.3.S3_32,complex
liu_2017b.3.3.S3_1,complex
liu_2017b.3.3.S3_3,complex
liu_2017b.3.3.S3_4,complex
liu_2017b.3.3.S3_5,complex
liu_2017b.3.3.S3_7,complex
liu_2017b.3.3.S3_8,complex
liu_2017b.3.3.S3_9,complex
liu_2017b.3.3.S3_10,complex
liu_2017b.3.3.S3_14,complex
liu_2017b.3.3.S3_18,complex
liu_2017b.3.3.S3_21,complex
liu_2017b.3.3.S3_23,complex
liu_2017b.3.3.S3_26,complex
liu_2017b.3.3.S3_27,complex
liu_2017b.3.3.S3_28,complex
liu_2017b.3.3.S3_31,complex
liu_2019.3.3_experimental.S1_1,complex
liu_2019.3.3_experimental.S1_10,complex
liu_2019.3.3_experimental.S1_11,complex
liu_2019.3.3_experimental.S1_12,complex
liu_2019.3.3_experimental.S1_16,complex
liu_2019.3.3_experimental.S1_19,complex
liu_2019.3.3_experimental.S1_3,complex
liu_2019.3.3_experimental.S1_4,complex
liu_2019.3.3_experimental.S1_6,complex
liu_2019.3.3_experimental.S1_7,complex
liu_2019.3.3_experimental.S1_22,complex
liu_2019.3.3_experimental.S1_28,complex
liu_2019.3.3_experimental.S1_29,complex
liu_2019.3.3_experimental.S1_30,complex
liu_2019.3.3_experimental.S1_34,complex
liu_2019.3.3_experimental.S1_35,complex
liu_2019.3.3_experimental.S1_36,complex
liu_2019.3.3_experimental.S1_38,complex
liu_2019.3.3_experimental.S1_39,complex
liu_2019.3.3_experimental.S1_40,complex
liu_2019.3.3_control.S1_13,complex
liu_2019.3.3_control.S1_14,complex
liu_2019.3.3_control.S1_15,complex
liu_2019.3.3_control.S1_17,complex
liu_2019.3.3_control.S1_18,complex
liu_2019.3.3_control.S1_2,complex
liu_2019.3.3_control.S1_20,complex
liu_2019.3.3_control.S1_5,complex
liu_2019.3.3_control.S1_8,complex
liu_2019.3.3_control.S1_9,complex
liu_2019.3.3_control.S1_21,complex
liu_2019.3.3_control.S1_23,complex
liu_2019.3.3_control.S1_24,complex
liu_2019.3.3_control.S1_25,complex
liu_2019.3.3_control.S1_26,complex
liu_2019.3.3_control.S1_27,complex
liu_2019.3.3_control.S1_31,complex
liu_2019.3.3_control.S1_32,complex
liu_2019.3.3_control.S1_33,complex
liu_2019.3.3_control.S1_37,complex
liu_2019.4.4.S2_1,complex
liu_2019.4.4.S2_10,complex
liu_2019.4.4.S2_2,complex
liu_2019.4.4.S2_3,complex
liu_2019.4.4.S2_4,complex
liu_2019.4.4.S2_5,complex
liu_2019.4.4.S2_6,complex
liu_2019.4.4.S2_7,complex
liu_2019.4.4.S2_8,complex
liu_2019.4.4.S2_9,complex
liu_2019.4.4.S2_11,complex
liu_2019.4.4.S2_12,complex
liu_2019.4.4.S2_13,complex
liu_2019.4.4.S2_14,complex
liu_2019.4.4.S2_15,complex
liu_2019.4.4.S2_16,complex
liu_2019.4.4.S2_17,complex
liu_2019.4.4.S2_18,complex
liu_2019.4.4.S2_19,complex
liu_2019.4.4.S2_20,complex
liu_2019.5.5_noncausal.S3_1,complex
liu_2019.5.5_noncausal.S3_10,complex
liu_2019.5.5_noncausal.S3_12,complex
liu_2019.5.5_noncausal.S3_16,complex
liu_2019.5.5_noncausal.S3_17,complex
liu_2019.5.5_noncausal.S3_18,complex
liu_2019.5.5_noncausal.S3_19,complex
liu_2019.5.5_noncausal.S3_23,complex
liu_2019.5.5_noncausal.S3_25,complex
liu_2019.5.5_noncausal.S3_5,complex
liu_2019.5.5_noncausal.S3_6,complex
liu_2019.5.5_noncausal.S3_8,complex
liu_2019.5.5_noncausal.S3_9,complex
liu_2019.5.5_noncausal.S3_27,complex
liu_2019.5.5_noncausal.S3_28,complex
liu_2019.5.5_noncausal.S3_30,complex
liu_2019.5.5_noncausal.S3_31,complex
liu_2019.5.5_noncausal.S3_34,complex
liu_2019.5.5_noncausal.S3_35,complex
liu_2019.5.5_noncausal.S3_37,complex
liu_2019.5.5_noncausal.S3_38,complex
liu_2019.5.5_noncausal.S3_41,complex
liu_2019.5.5_noncausal.S3_42,complex
liu_2019.5.5_noncausal.S3_46,complex
liu_2019.5.5_noncausal.S3_47,complex
liu_2019.5.5_noncausal.S3_48,complex
liu_2019.5.5_causal.S3_11,complex
liu_2019.5.5_causal.S3_13,complex
liu_2019.5.5_causal.S3_14,complex
liu_2019.5.5_causal.S3_15,complex
liu_2019.5.5_causal.S3_2,complex
liu_2019.5.5_causal.S3_20,complex
liu_2019.5.5_causal.S3_21,complex
liu_2019.5.5_causal.S3_22,complex
liu_2019.5.5_causal.S3_24,complex
liu_2019.5.5_causal.S3_26,complex
liu_2019.5.5_causal.S3_3,complex
liu_2019.5.5_causal.S3_4,complex
liu_2019.5.5_causal.S3_7,complex
liu_2019.5.5_causal.S3_29,complex
liu_2019.5.5_causal.S3_32,complex
liu_2019.5.5_causal.S3_33,complex
liu_2019.5.5_causal.S3_36,complex
liu_2019.5.5_causal.S3_39,complex
liu_2019.5.5_causal.S3_40,complex
liu_2019.5.5_causal.S3_43,complex
liu_2019.5.5_causal.S3_44,complex
liu_2019.5.5_causal.S3_45,complex
liu_2019.5.5_causal.S3_49,complex
liu_2019.5.5_causal.S3_50,complex
liu_2019.5.5_causal.S3_51,complex
liu_2019.5.5_causal.S3_52,complex
liu_2019.1.1.S4_1,complex
liu_2019.1.1.S4_10,complex
liu_2019.1.1.S4_2,complex
liu_2019.1.1.S4_3,complex
liu_2019.1.1.S4_4,complex
liu_2019.1.1.S4_5,complex
liu_2019.1.1.S4_6,complex
liu_2019.1.1.S4_7,complex
liu_2019.1.1.S4_8,complex
liu_2019.1.1.S4_9,complex
liu_2019.1.1.S4_11,complex
liu_2019.1.1.S4_12,complex
liu_2019.1.1.S4_13,complex
liu_2019.1.1.S4_14,complex
liu_2019.1.1.S4_15,complex
liu_2019.1.1.S4_16,complex
liu_2019.1.1.S4_17,complex
liu_2019.1.1.S4_18,complex
liu_2019.1.1.S4_19,complex
liu_2019.1.1.S4_20,complex
liu_2019.2.2.S5_1,complex
liu_2019.2.2.S5_10,complex
liu_2019.2.2.S5_2,complex
liu_2019.2.2.S5_3,complex
liu_2019.2.2.S5_4,complex
liu_2019.2.2.S5_5,complex
liu_2019.2.2.S5_6,complex
liu_2019.2.2.S5_7,complex
liu_2019.2.2.S5_8,complex
liu_2019.2.2.S5_9,complex
liu_2019.2.2.S5_11,complex
liu_2019.2.2.S5_12,complex
liu_2019.2.2.S5_13,complex
liu_2019.2.2.S5_14,complex
liu_2019.2.2.S5_15,complex
liu_2019.2.2.S5_16,complex
liu_2019.2.2.S5_17,complex
liu_2019.2.2.S5_18,complex
liu_2019.2.2.S5_19,complex
liu_2019.2.2.S5_20,complex
liu_2022.4.4_study2.01-MR,complex
liu_2022.4.4_study2.03-MR,complex
liu_2022.4.4_study2.12-MR,complex
liu_2022.4.4_study2.13-MR,complex
liu_2022.4.4_study2.15-MR,complex
liu_2022.4.4_study2.17-MR,complex
liu_2022.4.4_study2.18-MR,complex
liu_2022.4.4_study2.19-MR,complex
liu_2022.4.4_study2.21-MR,complex
liu_2022.4.4_study2.22-MR,complex
liu_2022.4.4_study2.28-MR,complex
liu_2022.4.4_study2.29-MR,complex
liu_2022.4.4_study2.30-MR,complex
liu_2022.4.4_study2.35-MR,complex
liu_2022.4.4_study2.36-MR,complex
liu_2022.4.4_study2.37-MR,complex
liu_2022.4.4_study2.38-MR,complex
liu_2022.4.4_study2.41-MR,complex
liu_2022.4.4_study2.42-MR,complex
liu_2022.4.4_study2.43-MR,complex
liu_2022.4.4_study2.53-MR,complex
liu_2022.4.4_study2.55-MR,complex
liu_2022.4.4_study2.58-MR,complex
liu_2022.4.4_study2.60-MR,complex
liu_2022.4.4_study2.61-MR,complex
liu_2022.4.4_study2.62-MR,complex
liu_2022.4.4_study2.63-MR,complex
liu_2022.4.4_study2.64-MR,complex
liu_2022.4.4_study2.65-MR,complex
liu_2022.4.4_study2.66-MR,complex
liu_2022.4.4_study1.S5_1,complex
liu_2022.4.4_study1.S5_2,complex
liu_2022.4.4_study1.S5_3,complex
liu_2022.4.4_study1.S5_4,complex
liu_2022.4.4_study1.S5_5,complex
liu_2022.4.4_study1.S5_6,complex
liu_2022.4.4_study1.S5_7,complex
liu_2022.4.4_study1.S5_8,complex
liu_2022.4.4_study1.S5_9,complex
liu_2022.4.4_study1.S5_10,complex
liu_2022.4.4_study1.S5_11,complex
liu_2022.4.4_study1.S5_12,complex
liu_2022.4.4_study1.S5_13,complex
liu_2022.4.4_study1.S5_14,complex
liu_2022.4.4_study1.S5_15,complex
liu_2022.4.4_study1.S5_16,complex
liu_2022.4.4_study1.S5_17,complex
liu_2022.4.4_study1.S5_18,complex
liu_2022.4.4_study1.S5_19,complex
liu_2022.4.4_study1.S5_20,complex
liu_2022.4.4_study1.S5_21,complex
liu_2022.4.4_study1.S5_22,complex
liu_2022.4.4_study1.S5_23,complex
liu_2022.4.4_study1.S5_24,complex
liu_2022.4.4_study1.S5_25,complex
liu_2022.4.4_study1.S5_26,complex
liu_2022.4.4_study1.S5_27,complex
liu_2022.4.4_study1.S5_28,complex
liu_2022.4.4_study1.S5_29,complex
liu_2022.4.4_study1.S5_30,complex
liu_2022.4.4_study1.S5_31,complex
liu_2022.4.4_study1.S5_32,complex
liu_2022.4.4_study3.10m_1,complex
liu_2022.4.4_study3.10m_5,complex
liu_2022.4.4_study3.10m_9,complex
liu_2022.4.4_study3.10m_13,complex
liu_2022.4.4_study3.10m_17,complex
liu_2022.4.4_study3.10m_21,complex
liu_2022.4.4_study3.10m_25,complex
liu_2022.4.4_study3.10m_29,complex
liu_2022.4.4_study3.10m_33,complex
liu_2022.4.4_study3.10m_37,complex
liu_2022.4.4_study3.10m_2,complex
liu_2022.4.4_study3.10m_6,complex
liu_2022.4.4_study3.10m_10,complex
liu_2022.4.4_study3.10m_14,complex
liu_2022.4.4_study3.10m_22,complex
liu_2022.4.4_study3.10m_26,complex
liu_2022.4.4_study3.10m_30,complex
liu_2022.4.4_study3.10m_34,complex
liu_2022.4.4_study3.10m_38,complex
liu_2022.4.4_study3.10m_3,complex
liu_2022.4.4_study3.10m_7,complex
liu_2022.4.4_study3.10m_11,complex
liu_2022.4.4_study3.10m_15,complex
liu_2022.4.4_study3.10m_18,complex
liu_2022.4.4_study3.10m_19,complex
liu_2022.4.4_study3.10m_23,complex
liu_2022.4.4_study3.10m_27,complex
liu_2022.4.4_study3.10m_31,complex
liu_2022.4.4_study3.10m_35,complex
liu_2022.4.4_study3.10m_39,complex
liu_2022.4.4_study3.10m_4,complex
liu_2022.4.4_study3.10m_8,complex
liu_2022.4.4_study3.10m_12,complex
liu_2022.4.4_study3.10m_16,complex
liu_2022.4.4_study3.10m_20,complex
liu_2022.4.4_study3.10m_24,complex
liu_2022.4.4_study3.10m_28,complex
liu_2022.4.4_study3.10m_32,complex
liu_2022.4.4_study3.10m_36,complex
liu_2022.4.4_study3.10m_40,complex
liu_unpublisheda.1.1_solidity.s059,similar
liu_unpublisheda.1.1_solidity.s061,similar
liu_unpublisheda.1.1_solidity.s062,similar
liu_unpublisheda.1.1_solidity.s063,similar
liu_unpublisheda.1.1_solidity.s064,similar
liu_unpublisheda.1.1_solidity.s093,similar
liu_unpublisheda.1.1_solidity.s096,similar
liu_unpublisheda.1.1_solidity.s104,similar
liu_unpublisheda.1.1_solidity.s122,similar
liu_unpublisheda.1.1_solidity.s065,similar
liu_unpublisheda.1.1_solidity.s066,similar
liu_unpublisheda.1.1_solidity.s068,similar
liu_unpublisheda.1.1_solidity.s072,similar
liu_unpublisheda.1.1_solidity.s073,similar
liu_unpublisheda.1.1_solidity.s105,similar
liu_unpublisheda.1.1_solidity.s092,similar
liu_unpublisheda.1.1_solidity.s114,similar
liu_unpublisheda.1.1_solidity.s121,similar
liu_unpublisheda.1.1_solidity.s076,similar
liu_unpublisheda.1.1_solidity.s095,similar
liu_unpublisheda.1.1_solidity.s098,similar
liu_unpublisheda.1.1_solidity.s100,similar
liu_unpublisheda.1.1_solidity.s102,similar
liu_unpublisheda.1.1_solidity.s103,similar
liu_unpublisheda.1.1_solidity.s106,similar
liu_unpublisheda.1.1_solidity.s082,similar
liu_unpublisheda.1.1_solidity.s090,similar
liu_unpublisheda.1.1_solidity.s112,similar
liu_unpublisheda.1.1_solidity.s116,similar
liu_unpublisheda.1.1_solidity.s117,similar
liu_unpublisheda.1.1_solidity.s119,similar
liu_unpublisheda.1.1_solidity.s120,similar
liu_unpublisheda.1.1_support.s059,similar
liu_unpublisheda.1.1_support.s061,similar
liu_unpublisheda.1.1_support.s062,similar
liu_unpublisheda.1.1_support.s063,similar
liu_unpublisheda.1.1_support.s084,similar
liu_unpublisheda.1.1_support.s093,similar
liu_unpublisheda.1.1_support.s096,similar
liu_unpublisheda.1.1_support.s104,similar
liu_unpublisheda.1.1_support.s065,similar
liu_unpublisheda.1.1_support.s066,similar
liu_unpublisheda.1.1_support.s067,similar
liu_unpublisheda.1.1_support.s068,similar
liu_unpublisheda.1.1_support.s072,similar
liu_unpublisheda.1.1_support.s073,similar
liu_unpublisheda.1.1_support.s097,similar
liu_unpublisheda.1.1_support.s105,similar
liu_unpublisheda.1.1_support.s114,similar
liu_unpublisheda.1.1_support.s075,similar
liu_unpublisheda.1.1_support.s076,similar
liu_unpublisheda.1.1_support.s077,similar
liu_unpublisheda.1.1_support.s081,similar
liu_unpublisheda.1.1_support.s095,similar
liu_unpublisheda.1.1_support.s098,similar
liu_unpublisheda.1.1_support.s100,similar
liu_unpublisheda.1.1_support.s102,similar
liu_unpublisheda.1.1_support.s103,similar
liu_unpublisheda.1.1_support.s106,similar
liu_unpublisheda.1.1_support.s099,similar
liu_unpublisheda.1.1_support.s101,similar
liu_unpublisheda.1.1_support.s125,similar
liu_unpublisheda.1.1_support.s078,similar
liu_unpublisheda.1.1_support.s082,similar
liu_unpublisheda.1.1_support.s085,similar
liu_unpublisheda.1.1_support.s087,similar
liu_unpublisheda.1.1_support.s089,similar
liu_unpublisheda.1.1_support.s090,similar
liu_unpublisheda.1.1_support.s108,similar
liu_unpublisheda.1.1_support.s110,similar
liu_unpublisheda.1.1_support.s111,similar
liu_unpublisheda.1.1_support.s112,similar
liu_unpublisheda.1.1_support.s113,similar
liu_unpublisheda.1.1_support.s115,similar
liu_unpublisheda.1.1_support.s116,similar
liu_unpublisheda.1.1_support.s117,similar
liu_unpublisheda.1.1_support.s118,similar
liu_unpublisheda.1.1_support.s119,similar
liu_unpublisheda.1.1_support.s120,similar
liu_unpublisheda.1.1_support.s124,similar
liu_unpublishedb.1.1.s013,complex
liu_unpublishedb.1.1.s014,complex
liu_unpublishedb.1.1.s015,complex
liu_unpublishedb.1.1.s016,complex
liu_unpublishedb.1.1.s017,complex
liu_unpublishedb.1.1.s018,complex
liu_unpublishedb.1.1.s019,complex
liu_unpublishedb.1.1.s020,complex
liu_unpublishedb.1.1.s021,complex
liu_unpublishedb.1.1.s022,complex
liu_unpublishedb.1.1.s025,complex
liu_unpublishedb.1.1.s026,complex
liu_unpublishedb.1.1.s027,complex
liu_unpublishedb.1.1.s029,complex
liu_unpublishedb.1.1.s030,complex
liu_unpublishedb.1.1.s031,complex
liu_unpublishedb.1.1.s032,complex
liu_unpublishedb.1.1.s033,complex
liu_unpublishedb.1.1.s034,complex
liu_unpublishedb.1.1.s035,complex
liu_unpublishedb.1.1.s036,complex
liu_unpublishedb.1.1.s039,complex
liu_unpublishedb.1.1.s040,complex
liu_unpublishedb.1.1.s042,complex
liu_unpublishedb.1.1.s043,complex
liu_unpublishedb.1.1.s044,complex
liu_unpublishedc.1.1.KSR-01-BR,similar
liu_unpublishedc.1.1.KSR-02-OA,similar
liu_unpublishedc.1.1.KSR-03-AP-BP,similar
liu_unpublishedc.1.1.ksr-04-dg,similar
liu_unpublishedc.1.1.KSR-05-ER,similar
liu_unpublishedc.1.1.KSR-06-IR-BP,similar
liu_unpublishedc.1.1.KSR-07CG-BP,similar
liu_unpublishedc.1.1.KSR-09-ZS-BP,similar
liu_unpublishedc.1.1.KSR-10-JM,similar
liu_unpublishedc.1.1.KSR-10-WS-BP,similar
liu_unpublishedc.1.1.KSR-11-ON-BP,similar
liu_unpublishedc.1.1.ksr13msbp,similar
liu_unpublishedc.1.1.KSR-14-JF,similar
liu_unpublishedc.1.1.KSR-14-CB-BP,similar
liu_unpublishedc.1.1.KSR-15-EW-BP,similar
liu_unpublishedc.1.1.KSR-16-BH,similar
liu_unpublishedc.1.1.KSR-17-MP,similar
liu_unpublishedc.1.1.KSR-18-AK,similar
liu_unpublishedc.1.1.KSR-19-FC,similar
liu_unpublishedc.1.1.KSR-20-AG,similar
liu_unpublishedc.1.1.KSR-21-HS,similar
liu_unpublishedc.1.1.KSR-22-PY,similar
liu_unpublishedc.1.1.KSR-23-FR,similar
liu_unpublishedc.1.1.KSR-24-MD,similar
liu_unpublishedc.1.1.KSR-11-AH,similar
liu_unpublishedc.1.1.KSR-12-LP,similar
liu_unpublishedc.1.1.KSR-13-LH,similar
liu_unpublishedc.1.1.KSR-15-CZ,similar
liu_unpublishedc.1.1.KSR-06-LR,similar
liu_unpublishedc.1.1.KSR-7-DP,similar
liu_unpublishedc.1.1.KSR-8-SM,similar
liu_unpublishedc.1.1.KSR-9-AB,similar
liu_unpublishedc.1.1.KSR-01-AM,similar
liu_unpublishedc.1.1.KSR-02-SB,similar
liu_unpublishedc.1.1.KSR-4-HL,similar
liu_unpublishedc.1.1.KSR-5-BF,similar
liu_unpublishedc.1.1.KSR-5-EG,similar
liu_unpublishedd.1.1.8,similar
liu_unpublishedd.1.1.10,similar
liu_unpublishedd.1.1.13,similar
liu_unpublishedd.1.1.14,similar
liu_unpublishedd.1.1.3,similar
liu_unpublishedd.1.1.5,similar
liu_unpublishedd.1.1.7,similar
liu_unpublishedd.1.1.9,similar
liu_unpublishedd.1.1.12,similar
liu_unpublishedd.1.1.1,similar
liu_unpublishedd.1.1.2,similar
liu_unpublishedd.1.1.4,similar
liu_unpublishedd.1.1.15,similar
liu_unpublishedd.1.1.16,similar
liu_unpublishedd.1.1.17,similar
liu_unpublishedd.1.1.18,similar
liu_unpublishedd.1.1.21,similar
liu_unpublishedd.1.1.22,similar
liu_unpublishedd.1.1.25,similar
liu_unpublishedd.1.1.26,similar
liu_unpublishedd.1.1.27,similar
liu_unpublishedd.1.1.28,similar
liu_unpublishedd.1.1.29,similar
liu_unpublishedd.1.1.31,similar
liu_unpublishedd.1.1.32,similar
liu_unpublishedd.1.1.33,similar
liu_unpublishedd.1.1.30,similar
liu_unpublishedd.1.1.34,similar
liu_unpublishedd.1.1.19,similar
liu_unpublishedd.1.1.35,similar
liu_unpublishedd.1.1.36,similar
luo_2005a.1.1_experimental.1,complex
luo_2005a.1.1_experimental.2,complex
luo_2005a.1.1_experimental.3,complex
luo_2005a.1.1_experimental.4,complex
luo_2005a.1.1_experimental.5,complex
luo_2005a.1.1_experimental.6,complex
luo_2005a.1.1_experimental.7,complex
luo_2005a.1.1_experimental.8,complex
luo_2005a.1.1_experimental.9,complex
luo_2005a.1.1_experimental.10,complex
luo_2005a.1.1_experimental.11,complex
luo_2005a.1.1_experimental.12,complex
luo_2005a.1.1_control.13,complex
luo_2005a.1.1_control.14,complex
luo_2005a.1.1_control.15,complex
luo_2005a.1.1_control.16,complex
luo_2005a.1.1_control.17,complex
luo_2005a.1.1_control.18,complex
luo_2005a.1.1_control.19,complex
luo_2005a.1.1_control.20,complex
luo_2005a.1.1_control.21,complex
luo_2005a.1.1_control.22,complex
luo_2005a.1.1_control.23,complex
luo_2005a.1.1_control.24,complex
luo_2005a.2.2_shorthandle.1,complex
luo_2005a.2.2_shorthandle.2,complex
luo_2005a.2.2_shorthandle.3,complex
luo_2005a.2.2_shorthandle.4,complex
luo_2005a.2.2_shorthandle.5,complex
luo_2005a.2.2_shorthandle.6,complex
luo_2005a.2.2_shorthandle.7,complex
luo_2005a.2.2_shorthandle.8,complex
luo_2005a.2.2_shorthandle.9,complex
luo_2005a.2.2_shorthandle.10,complex
luo_2005a.2.2_shorthandle.11,complex
luo_2005a.2.2_shorthandle.12,complex
luo_2005a.2.2_longhandle.13,complex
luo_2005a.2.2_longhandle.14,complex
luo_2005a.2.2_longhandle.15,complex
luo_2005a.2.2_longhandle.16,complex
luo_2005a.2.2_longhandle.17,complex
luo_2005a.2.2_longhandle.18,complex
luo_2005a.2.2_longhandle.19,complex
luo_2005a.2.2_longhandle.20,complex
luo_2005a.2.2_longhandle.21,complex
luo_2005a.2.2_longhandle.22,complex
luo_2005a.2.2_longhandle.23,complex
luo_2005a.2.2_longhandle.24,complex
luo_2005b.1.1_ca.1,similar
luo_2005b.1.1_ca.2,similar
luo_2005b.1.1_ca.3,similar
luo_2005b.1.1_ca.4,similar
luo_2005b.1.1_ca.5,similar
luo_2005b.1.1_ca.6,similar
luo_2005b.1.1_ca.7,similar
luo_2005b.1.1_ca.8,similar
luo_2005b.1.1_cdna.1,similar
luo_2005b.1.1_cdna.2,similar
luo_2005b.1.1_cdna.3,similar
luo_2005b.1.1_cdna.4,similar
luo_2005b.1.1_cdna.5,similar
luo_2005b.1.1_cdna.6,similar
luo_2005b.1.1_cdna.7,similar
luo_2005b.1.1_cdna.8,similar
luo_2009a.1.1_visibleshortbox.1,complex
luo_2009a.1.1_visibleshortbox.2,complex
luo_2009a.1.1_visibleshortbox.3,complex
luo_2009a.1.1_visibleshortbox.4,complex
luo_2009a.1.1_visibleshortbox.5,complex
luo_2009a.1.1_visibleshortbox.6,complex
luo_2009a.1.1_visibleshortbox.7,complex
luo_2009a.1.1_visibleshortbox.8,complex
luo_2009a.1.1_visibleshortbox.9,complex
luo_2009a.1.1_visibleshortbox.10,complex
luo_2009a.1.1_visibleshortbox.11,complex
luo_2009a.1.1_visibleshortbox.12,complex
luo_2009a.1.1_hiddenshortbox.1,complex
luo_2009a.1.1_hiddenshortbox.2,complex
luo_2009a.1.1_hiddenshortbox.3,complex
luo_2009a.1.1_hiddenshortbox.4,complex
luo_2009a.1.1_hiddenshortbox.5,complex
luo_2009a.1.1_hiddenshortbox.6,complex
luo_2009a.1.1_hiddenshortbox.7,complex
luo_2009a.1.1_hiddenshortbox.8,complex
luo_2009a.1.1_hiddenshortbox.9,complex
luo_2009a.1.1_hiddenshortbox.10,complex
luo_2009a.1.1_hiddenshortbox.11,complex
luo_2009a.1.1_hiddenshortbox.12,complex
luo_2009a.1.1_visibletallbox.1,complex
luo_2009a.1.1_visibletallbox.2,complex
luo_2009a.1.1_visibletallbox.3,complex
luo_2009a.1.1_visibletallbox.4,complex
luo_2009a.1.1_visibletallbox.5,complex
luo_2009a.1.1_visibletallbox.6,complex
luo_2009a.1.1_visibletallbox.7,complex
luo_2009a.1.1_visibletallbox.8,complex
luo_2009a.1.1_visibletallbox.9,complex
luo_2009a.1.1_visibletallbox.10,complex
luo_2009a.1.1_visibletallbox.11,complex
luo_2009a.1.1_visibletallbox.12,complex
luo_2009a.2.2_visibleinfront.1,complex
luo_2009a.2.2_visibleinfront.2,complex
luo_2009a.2.2_visibleinfront.3,complex
luo_2009a.2.2_visibleinfront.4,complex
luo_2009a.2.2_visibleinfront.5,complex
luo_2009a.2.2_visibleinfront.6,complex
luo_2009a.2.2_visibleinfront.7,complex
luo_2009a.2.2_visibleinfront.8,complex
luo_2009a.2.2_visibleinfront.9,complex
luo_2009a.2.2_visibleinfront.10,complex
luo_2009a.2.2_visibleinfront.11,complex
luo_2009a.2.2_visibleinfront.12,complex
luo_2009a.2.2_hiddenbehind.1,complex
luo_2009a.2.2_hiddenbehind.2,complex
luo_2009a.2.2_hiddenbehind.3,complex
luo_2009a.2.2_hiddenbehind.4,complex
luo_2009a.2.2_hiddenbehind.5,complex
luo_2009a.2.2_hiddenbehind.6,complex
luo_2009a.2.2_hiddenbehind.7,complex
luo_2009a.2.2_hiddenbehind.8,complex
luo_2009a.2.2_hiddenbehind.9,complex
luo_2009a.2.2_hiddenbehind.10,complex
luo_2009a.2.2_hiddenbehind.11,complex
luo_2009a.2.2_hiddenbehind.12,complex
luo_2009b.1.1_inert.1,similar
luo_2009b.1.1_inert.2,similar
luo_2009b.1.1_inert.3,similar
luo_2009b.1.1_inert.4,similar
luo_2009b.1.1_inert.5,similar
luo_2009b.1.1_inert.6,similar
luo_2009b.1.1_inert.7,similar
luo_2009b.1.1_inert.8,similar
luo_2009b.1.1_inert.9,similar
luo_2009b.1.1_inert.10,similar
luo_2009b.1.1_inert.11,similar
luo_2009b.1.1_inert.12,similar
luo_2009b.1.1_inert.13,similar
luo_2009b.1.1_inert.14,similar
luo_2009b.1.1_inert.15,similar
luo_2009b.1.1_inert.16,similar
luo_2009b.1.1_selfpropelled.1,similar
luo_2009b.1.1_selfpropelled.2,similar
luo_2009b.1.1_selfpropelled.3,similar
luo_2009b.1.1_selfpropelled.4,similar
luo_2009b.1.1_selfpropelled.5,similar
luo_2009b.1.1_selfpropelled.6,similar
luo_2009b.1.1_selfpropelled.7,similar
luo_2009b.1.1_selfpropelled.8,similar
luo_2009b.1.1_selfpropelled.9,similar
luo_2009b.1.1_selfpropelled.10,similar
luo_2009b.1.1_selfpropelled.11,similar
luo_2009b.1.1_selfpropelled.12,similar
luo_2009b.1.1_selfpropelled.13,similar
luo_2009b.1.1_selfpropelled.14,similar
luo_2009b.1.1_selfpropelled.15,similar
luo_2009b.1.1_selfpropelled.16,similar
luo_2009b.2.2_inert.1,similar
luo_2009b.2.2_inert.2,similar
luo_2009b.2.2_inert.3,similar
luo_2009b.2.2_inert.4,similar
luo_2009b.2.2_inert.5,similar
luo_2009b.2.2_inert.6,similar
luo_2009b.2.2_inert.7,similar
luo_2009b.2.2_inert.8,similar
luo_2009b.2.2_inert.9,similar
luo_2009b.2.2_inert.10,similar
luo_2009b.2.2_inert.11,similar
luo_2009b.2.2_inert.12,similar
luo_2009b.2.2_inert.13,similar
luo_2009b.2.2_inert.14,similar
luo_2009b.2.2_inert.15,similar
luo_2009b.2.2_inert.16,similar
luo_2009b.2.2_selfpropelled.1,similar
luo_2009b.2.2_selfpropelled.2,similar
luo_2009b.2.2_selfpropelled.3,similar
luo_2009b.2.2_selfpropelled.4,similar
luo_2009b.2.2_selfpropelled.5,similar
luo_2009b.2.2_selfpropelled.6,similar
luo_2009b.2.2_selfpropelled.7,similar
luo_2009b.2.2_selfpropelled.8,similar
luo_2009b.2.2_selfpropelled.9,similar
luo_2009b.2.2_selfpropelled.10,similar
luo_2009b.2.2_selfpropelled.11,similar
luo_2009b.2.2_selfpropelled.12,similar
luo_2009b.2.2_selfpropelled.13,similar
luo_2009b.2.2_selfpropelled.14,similar
luo_2009b.2.2_selfpropelled.15,similar
luo_2009b.2.2_selfpropelled.16,similar
luo_2010.1.1_smallwindow.1,complex
luo_2010.1.1_smallwindow.2,complex
luo_2010.1.1_smallwindow.3,complex
luo_2010.1.1_smallwindow.4,complex
luo_2010.1.1_smallwindow.5,complex
luo_2010.1.1_smallwindow.6,complex
luo_2010.1.1_smallwindow.7,complex
luo_2010.1.1_smallwindow.8,complex
luo_2010.1.1_smallwindow.9,complex
luo_2010.1.1_smallwindow.10,complex
luo_2010.1.1_largewindow.1,complex
luo_2010.1.1_largewindow.2,complex
luo_2010.1.1_largewindow.3,complex
luo_2010.1.1_largewindow.4,complex
luo_2010.1.1_largewindow.5,complex
luo_2010.1.1_largewindow.6,complex
luo_2010.1.1_largewindow.7,complex
luo_2010.1.1_largewindow.8,complex
luo_2010.1.1_largewindow.9,complex
luo_2010.1.1_largewindow.10,complex
luo_2010.2.2_handsoccupied.1,complex
luo_2010.2.2_handsoccupied.2,complex
luo_2010.2.2_handsoccupied.3,complex
luo_2010.2.2_handsoccupied.4,complex
luo_2010.2.2_handsoccupied.5,complex
luo_2010.2.2_handsoccupied.6,complex
luo_2010.2.2_handsoccupied.7,complex
luo_2010.2.2_handsoccupied.8,complex
luo_2010.2.2_handsoccupied.9,complex
luo_2010.2.2_handsoccupied.10,complex
luo_2010.2.2_handsfree.1,complex
luo_2010.2.2_handsfree.2,complex
luo_2010.2.2_handsfree.3,complex
luo_2010.2.2_handsfree.4,complex
luo_2010.2.2_handsfree.5,complex
luo_2010.2.2_handsfree.6,complex
luo_2010.2.2_handsfree.7,complex
luo_2010.2.2_handsfree.8,complex
luo_2010.2.2_handsfree.9,complex
luo_2010.2.2_handsfree.10,complex
luo_2011.1.1_twoobject.1,complex
luo_2011.1.1_twoobject.2,complex
luo_2011.1.1_twoobject.3,complex
luo_2011.1.1_twoobject.4,complex
luo_2011.1.1_twoobject.5,complex
luo_2011.1.1_twoobject.6,complex
luo_2011.1.1_twoobject.7,complex
luo_2011.1.1_twoobject.8,complex
luo_2011.1.1_twoobject.9,complex
luo_2011.1.1_twoobject.10,complex
luo_2011.1.1_twoobject.11,complex
luo_2011.1.1_twoobject.12,complex
luo_2011.1.1_oneobject.13,complex
luo_2011.1.1_oneobject.14,complex
luo_2011.1.1_oneobject.15,complex
luo_2011.1.1_oneobject.16,complex
luo_2011.1.1_oneobject.17,complex
luo_2011.1.1_oneobject.18,complex
luo_2011.1.1_oneobject.19,complex
luo_2011.1.1_oneobject.20,complex
luo_2011.1.1_oneobject.21,complex
luo_2011.1.1_oneobject.22,complex
luo_2011.1.1_oneobject.23,complex
luo_2011.1.1_oneobject.24,complex
luo_2011.2.2.25,complex
luo_2011.2.2.26,complex
luo_2011.2.2.27,complex
luo_2011.2.2.28,complex
luo_2011.2.2.29,complex
luo_2011.2.2.30,complex
luo_2011.2.2.31,complex
luo_2011.2.2.32,complex
luo_2011.2.2.33,complex
luo_2011.2.2.34,complex
luo_2011.2.2.35,complex
luo_2011.2.2.36,complex
martin_2017.1.1_preference.330,complex
martin_2017.1.1_preference.333,complex
martin_2017.1.1_preference.334,complex
martin_2017.1.1_preference.342,complex
martin_2017.1.1_preference.346,complex
martin_2017.1.1_preference.347,complex
martin_2017.1.1_preference.348,complex
martin_2017.1.1_preference.382,complex
martin_2017.1.1_preference.329,complex
martin_2017.1.1_preference.331,complex
martin_2017.1.1_preference.332,complex
martin_2017.1.1_preference.337,complex
martin_2017.1.1_preference.341,complex
martin_2017.1.1_preference.343,complex
martin_2017.1.1_preference.345,complex
martin_2017.1.1_preference.349,complex
martin_2017.1.1_preference.1,complex
martin_2017.1.1_preference.8,complex
martin_2017.1.1_preference.14,complex
martin_2017.1.1_preference.17,complex
martin_2017.1.1_preference.24,complex
martin_2017.1.1_preference.27,complex
martin_2017.1.1_preference.30,complex
martin_2017.1.1_preference.32,complex
martin_2017.1.1_preference.4,complex
martin_2017.1.1_preference.10,complex
martin_2017.1.1_preference.13,complex
martin_2017.1.1_preference.16,complex
martin_2017.1.1_preference.28,complex
martin_2017.1.1_preference.35,complex
martin_2017.1.1_preference.36,complex
martin_2017.1.1_preference.39,complex
martin_2017.1.1_choice.350,complex
martin_2017.1.1_choice.354,complex
martin_2017.1.1_choice.355,complex
martin_2017.1.1_choice.358,complex
martin_2017.1.1_choice.361,complex
martin_2017.1.1_choice.368,complex
martin_2017.1.1_choice.369,complex
martin_2017.1.1_choice.370,complex
martin_2017.1.1_choice.351,complex
martin_2017.1.1_choice.352,complex
martin_2017.1.1_choice.356,complex
martin_2017.1.1_choice.359,complex
martin_2017.1.1_choice.360,complex
martin_2017.1.1_choice.364,complex
martin_2017.1.1_choice.365,complex
martin_2017.1.1_choice.379,complex
martin_2017.1.1_choice.2,complex
martin_2017.1.1_choice.6,complex
martin_2017.1.1_choice.9,complex
martin_2017.1.1_choice.18,complex
martin_2017.1.1_choice.29,complex
martin_2017.1.1_choice.31,complex
martin_2017.1.1_choice.33,complex
martin_2017.1.1_choice.43,complex
martin_2017.1.1_choice.3,complex
martin_2017.1.1_choice.11,complex
martin_2017.1.1_choice.15,complex
martin_2017.1.1_choice.20,complex
martin_2017.1.1_choice.25,complex
martin_2017.1.1_choice.26,complex
martin_2017.1.1_choice.34,complex
martin_2017.1.1_choice.37,complex
martin_2017.2.2.639,complex
martin_2017.2.2.642,complex
martin_2017.2.2.644,complex
martin_2017.2.2.663,complex
martin_2017.2.2.691,complex
martin_2017.2.2.696,complex
martin_2017.2.2.848,complex
martin_2017.2.2.728,complex
martin_2017.2.2.635,complex
martin_2017.2.2.636,complex
martin_2017.2.2.638,complex
martin_2017.2.2.640,complex
martin_2017.2.2.643,complex
martin_2017.2.2.716,complex
martin_2017.2.2.726,complex
martin_2017.2.2.735,complex
martin_2017.3.3.572,complex
martin_2017.3.3.575,complex
martin_2017.3.3.577,complex
martin_2017.3.3.580,complex
martin_2017.3.3.582,complex
martin_2017.3.3.583,complex
martin_2017.3.3.585,complex
martin_2017.3.3.589,complex
martin_2017.3.3.571,complex
martin_2017.3.3.573,complex
martin_2017.3.3.579,complex
martin_2017.3.3.581,complex
martin_2017.3.3.584,complex
martin_2017.3.3.587,complex
martin_2017.3.3.594,complex
martin_2017.3.3.598,complex
martin_2017.4.4.459,complex
martin_2017.4.4.460,complex
martin_2017.4.4.466,complex
martin_2017.4.4.479,complex
martin_2017.4.4.481,complex
martin_2017.4.4.485,complex
martin_2017.4.4.492,complex
martin_2017.4.4.498,complex
martin_2017.4.4.450,complex
martin_2017.4.4.458,complex
martin_2017.4.4.462,complex
martin_2017.4.4.467,complex
martin_2017.4.4.469,complex
martin_2017.4.4.486,complex
martin_2017.4.4.491,complex
martin_2017.4.4.496,complex
martin_2017.5.5.504,complex
martin_2017.5.5.509,complex
martin_2017.5.5.511,complex
martin_2017.5.5.539,complex
martin_2017.5.5.540,complex
martin_2017.5.5.550,complex
martin_2017.5.5.555,complex
martin_2017.5.5.557,complex
martin_2017.5.5.502,complex
martin_2017.5.5.505,complex
martin_2017.5.5.512,complex
martin_2017.5.5.541,complex
martin_2017.5.5.548,complex
martin_2017.5.5.553,complex
martin_2017.5.5.554,complex
martin_2017.5.5.556,complex
martin_2017.6.6.45,complex
martin_2017.6.6.48,complex
martin_2017.6.6.53,complex
martin_2017.6.6.54,complex
martin_2017.6.6.58,complex
martin_2017.6.6.59,complex
martin_2017.6.6.67,complex
martin_2017.6.6.68,complex
martin_2017.6.6.44,complex
martin_2017.6.6.46,complex
martin_2017.6.6.47,complex
martin_2017.6.6.55,complex
martin_2017.6.6.56,complex
martin_2017.6.6.60,complex
martin_2017.6.6.66,complex
martin_2017.6.6.82,complex
martin_2017.7.7.131,complex
martin_2017.7.7.134,complex
martin_2017.7.7.136,complex
martin_2017.7.7.137,complex
martin_2017.7.7.140,complex
martin_2017.7.7.143,complex
martin_2017.7.7.145,complex
martin_2017.7.7.148,complex
martin_2017.7.7.128,complex
martin_2017.7.7.129,complex
martin_2017.7.7.133,complex
martin_2017.7.7.135,complex
martin_2017.7.7.138,complex
martin_2017.7.7.142,complex
martin_2017.7.7.144,complex
martin_2017.7.7.146,complex
powell_unpublished.1.1.6,similar
powell_unpublished.1.1.7,similar
powell_unpublished.1.1.9,similar
powell_unpublished.1.1.10,similar
powell_unpublished.1.1.11,similar
powell_unpublished.1.1.12,similar
powell_unpublished.1.1.13,similar
powell_unpublished.1.1.14,similar
powell_unpublished.1.1.16,similar
powell_unpublished.1.1.17,similar
powell_unpublished.1.1.18,similar
powell_unpublished.1.1.19,similar
powell_unpublished.1.1.21,similar
powell_unpublished.1.1.22,similar
powell_unpublished.1.1.23,similar
powell_unpublished.1.1.24,similar
powell_unpublished.1.1.25,similar
powell_unpublished.1.1.26,similar
powell_unpublished.1.1.27,similar
powell_unpublished.1.1.28,similar
powell_unpublished.1.1.29,similar
powell_unpublished.1.1.30,similar
powell_unpublished.1.1.31,similar
powell_unpublished.1.1.32,similar
powell_unpublished.1.1.33,similar
powell_unpublished.1.1.34,similar
powell_unpublished.1.1.35,similar
powell_unpublished.1.1.36,similar
powell_unpublished.1.1.37,similar
powell_unpublished.1.1.38,similar
powell_unpublished.1.1.39,similar
powell_unpublished.1.1.40,similar
powell_unpublished.1.1.42,similar
powell_unpublished.1.1.43,similar
powell_unpublished.1.1.44,similar
powell_unpublished.1.1.45,similar
powell_unpublished.1.1.46,similar
powell_unpublished.1.1.47,similar
powell_unpublished.1.1.48,similar
powell_unpublished.1.1.50,similar
powell_unpublished.1.1.51,similar
powell_unpublished.1.1.52,similar
powell_unpublished.1.1.53,similar
powell_unpublished.1.1.54,similar
powell_unpublished.1.1.55,similar
powell_unpublished.1.1.56,similar
powell_unpublished.1.1.57,similar
powell_unpublished.1.1.58,similar
powell_unpublished.1.1.60,similar
powell_unpublished.1.1.61,similar
powell_unpublished.1.1.62,similar
powell_unpublished.1.1.63,similar
powell_unpublished.1.1.64,similar
powell_unpublished.1.1.65,similar
powell_unpublished.1.1.67,similar
powell_unpublished.1.1.68,similar
powell_unpublished.1.1.69,similar
powell_unpublished.1.1.71,similar
powell_unpublished.1.1.72,similar
powell_unpublished.1.1.73,similar
sanal-hayes_2022.2.2_small.1,similar
sanal-hayes_2022.2.2_small.2,similar
sanal-hayes_2022.2.2_small.3,similar
sanal-hayes_2022.2.2_small.4,similar
sanal-hayes_2022.2.2_large.5,similar
sanal-hayes_2022.2.2_large.6,similar
sanal-hayes_2022.2.2_large.7,similar
sanal-hayes_2022.2.2_large.8,similar
sanal-hayes_2022.2.2_small.9,similar
sanal-hayes_2022.2.2_small.10,similar
sanal-hayes_2022.2.2_small.11,similar
sanal-hayes_2022.2.2_small.12,similar
sanal-hayes_2022.2.2_large.13,similar
sanal-hayes_2022.2.2_large.14,similar
sanal-hayes_2022.2.2_large.15,similar
sanal-hayes_2022.2.2_large.16,similar
skerry_2013.1.1.12,complex
skerry_2013.1.1.17,complex
skerry_2013.1.1.19,complex
skerry_2013.1.1.23,complex
skerry_2013.1.1.24,complex
skerry_2013.1.1.27,complex
skerry_2013.1.1.33,complex
skerry_2013.1.1.43,complex
skerry_2013.1.1.50,complex
skerry_2013.1.1.52,complex
skerry_2013.1.1.59,complex
skerry_2013.1.1.65,complex
skerry_2013.1.1.67,complex
skerry_2013.1.1.77,complex
skerry_2013.1.1.81,complex
skerry_2013.1.1.84,complex
skerry_2013.1.1.88,complex
skerry_2013.1.1.89,complex
skerry_2013.1.1.106,complex
skerry_2013.1.1.107,complex
skerry_2013.2.2.13,complex
skerry_2013.2.2.18,complex
skerry_2013.2.2.32,complex
skerry_2013.2.2.36,complex
skerry_2013.2.2.37,complex
skerry_2013.2.2.39,complex
skerry_2013.2.2.45,complex
skerry_2013.2.2.57,complex
skerry_2013.2.2.66,complex
skerry_2013.2.2.73,complex
skerry_2013.2.2.75,complex
skerry_2013.2.2.79,complex
skerry_2013.2.2.83,complex
skerry_2013.2.2.90,complex
skerry_2013.2.2.91,complex
skerry_2013.2.2.94,complex
skerry_2013.2.2.97,complex
skerry_2013.2.2.98,complex
skerry_2013.2.2.100,complex
skerry_2013.2.2.108,complex
skerry_2013.3.3.1,complex
skerry_2013.3.3.2,complex
skerry_2013.3.3.4,complex
skerry_2013.3.3.5,complex
skerry_2013.3.3.7,complex
skerry_2013.3.3.10,complex
skerry_2013.3.3.11,complex
skerry_2013.3.3.12,complex
skerry_2013.3.3.15,complex
skerry_2013.3.3.16,complex
skerry_2013.3.3.17,complex
skerry_2013.3.3.18,complex
skerry_2013.3.3.19,complex
skerry_2013.3.3.20,complex
skerry_2013.3.3.22,complex
skerry_2013.3.3.23,complex
skerry_2013.3.3.24,complex
skerry_2013.3.3.25,complex
skerry_2013.3.3.26,complex
skerry_2013.3.3.27,complex
skerry_2013.4.4.1,complex
skerry_2013.4.4.3,complex
skerry_2013.4.4.5,complex
skerry_2013.4.4.8,complex
skerry_2013.4.4.9,complex
skerry_2013.4.4.13,complex
skerry_2013.4.4.14,complex
skerry_2013.4.4.18,complex
skerry_2013.4.4.20,complex
skerry_2013.4.4.25,complex
skerry_2013.4.4.27,complex
skerry_2013.4.4.30,complex
skerry_2013.4.4.32,complex
skerry_2013.4.4.37,complex
skerry_2013.4.4.38,complex
skerry_2013.4.4.40,complex
skerry_2013.4.4.45,complex
skerry_2013.4.4.48,complex
skerry_2013.4.4.58,complex
skerry_2013.4.4.63,complex
skerry_2013.4.4.66,complex
skerry_2013.4.4.75,complex
skerry_2013.4.4.78,complex
skerry_2013.4.4.79,complex
skerry_2013.4.4.80,complex
skerry_2013.4.4.84,complex
skerry_2013.5.5.10,complex
skerry_2013.5.5.12,complex
skerry_2013.5.5.15,complex
skerry_2013.5.5.16,complex
skerry_2013.5.5.17,complex
skerry_2013.5.5.19,complex
skerry_2013.5.5.28,complex
skerry_2013.5.5.34,complex
skerry_2013.5.5.47,complex
skerry_2013.5.5.50,complex
skerry_2013.5.5.51,complex
skerry_2013.5.5.52,complex
skerry_2013.5.5.53,complex
skerry_2013.5.5.54,complex
skerry_2013.5.5.56,complex
skerry_2013.5.5.59,complex
skerry_2013.5.5.61,complex
skerry_2013.5.5.67,complex
skerry_2013.5.5.68,complex
skerry_2013.5.5.70,complex
skerry_2013.5.5.72,complex
skerry_2013.5.5.76,complex
skerry_2013.5.5.81,complex
skerry_2013.5.5.85,complex
skerry_2013.5.5.86,complex
skerry_2013.5.5.87,complex
stojnic_2023.1.1_efficientagent.P03,complex
stojnic_2023.1.1_efficientagent.P09,complex
stojnic_2023.1.1_efficientagent.P11,complex
stojnic_2023.1.1_efficientagent.P12,complex
stojnic_2023.1.1_efficientagent.P14,complex
stojnic_2023.1.1_efficientagent.P16,complex
stojnic_2023.1.1_efficientagent.P18,complex
stojnic_2023.1.1_efficientagent.P19,complex
stojnic_2023.1.1_efficientagent.P20,complex
stojnic_2023.1.1_efficientagent.P21,complex
stojnic_2023.1.1_efficientagent.P22,complex
stojnic_2023.1.1_efficientagent.P23,complex
stojnic_2023.1.1_efficientagent.P24,complex
stojnic_2023.1.1_efficientagent.P25,complex
stojnic_2023.1.1_efficientagent.P26,complex
stojnic_2023.1.1_efficientagent.P27,complex
stojnic_2023.1.1_efficientagent.P28,complex
stojnic_2023.1.1_efficientagent.P29,complex
stojnic_2023.1.1_efficientagent.P30,complex
stojnic_2023.1.1_efficientagent.P35,complex
stojnic_2023.1.1_efficientagent.P37,complex
stojnic_2023.1.1_efficientagent.P38,complex
stojnic_2023.1.1_efficientagent.P39,complex
stojnic_2023.1.1_efficientagent.P40,complex
stojnic_2023.1.1_goaldirected.P03,complex
stojnic_2023.1.1_goaldirected.P06,complex
stojnic_2023.1.1_goaldirected.P09,complex
stojnic_2023.1.1_goaldirected.P11,complex
stojnic_2023.1.1_goaldirected.P12,complex
stojnic_2023.1.1_goaldirected.P13,complex
stojnic_2023.1.1_goaldirected.P14,complex
stojnic_2023.1.1_goaldirected.P16,complex
stojnic_2023.1.1_goaldirected.P18,complex
stojnic_2023.1.1_goaldirected.P19,complex
stojnic_2023.1.1_goaldirected.P20,complex
stojnic_2023.1.1_goaldirected.P21,complex
stojnic_2023.1.1_goaldirected.P22,complex
stojnic_2023.1.1_goaldirected.P23,complex
stojnic_2023.1.1_goaldirected.P24,complex
stojnic_2023.1.1_goaldirected.P25,complex
stojnic_2023.1.1_goaldirected.P26,complex
stojnic_2023.1.1_goaldirected.P27,complex
stojnic_2023.1.1_goaldirected.P28,complex
stojnic_2023.1.1_goaldirected.P29,complex
stojnic_2023.1.1_goaldirected.P37,complex
stojnic_2023.1.1_goaldirected.P38,complex
stojnic_2023.1.1_goaldirected.P39,complex
stojnic_2023.1.1_goaldirected.P40,complex
stojnic_2023.2.2_inefficientagent.P01,complex
stojnic_2023.2.2_multiagent.P01,complex
stojnic_2023.2.2_inaccessiblegoal.P01,complex
stojnic_2023.2.2_instrumentalaction.P01,complex
stojnic_2023.2.2_goaldirected.P01,complex
stojnic_2023.2.2_efficientagent.P01,complex
stojnic_2023.2.2_efficientagent.P02,complex
stojnic_2023.2.2_inefficientagent.P02,complex
stojnic_2023.2.2_multiagent.P02,complex
stojnic_2023.2.2_inaccessiblegoal.P02,complex
stojnic_2023.2.2_instrumentalaction.P02,complex
stojnic_2023.2.2_goaldirected.P02,complex
stojnic_2023.2.2_goaldirected.P03,complex
stojnic_2023.2.2_inaccessiblegoal.P03,complex
stojnic_2023.2.2_instrumentalaction.P03,complex
stojnic_2023.2.2_inefficientagent.P03,complex
stojnic_2023.2.2_multiagent.P03,complex
stojnic_2023.2.2_inefficientagent.P04,complex
stojnic_2023.2.2_inaccessiblegoal.P04,complex
stojnic_2023.2.2_multiagent.P04,complex
stojnic_2023.2.2_goaldirected.P04,complex
stojnic_2023.2.2_efficientagent.P04,complex
stojnic_2023.2.2_instrumentalaction.P04,complex
stojnic_2023.2.2_instrumentalaction.P05,complex
stojnic_2023.2.2_efficientagent.P05,complex
stojnic_2023.2.2_multiagent.P05,complex
stojnic_2023.2.2_inaccessiblegoal.P05,complex
stojnic_2023.2.2_goaldirected.P05,complex
stojnic_2023.2.2_inefficientagent.P05,complex
stojnic_2023.2.2_inaccessiblegoal.P06,complex
stojnic_2023.2.2_instrumentalaction.P06,complex
stojnic_2023.2.2_inefficientagent.P06,complex
stojnic_2023.2.2_multiagent.P06,complex
stojnic_2023.2.2_efficientagent.P06,complex
stojnic_2023.2.2_goaldirected.P08,complex
stojnic_2023.2.2_multiagent.P08,complex
stojnic_2023.2.2_efficientagent.P08,complex
stojnic_2023.2.2_inaccessiblegoal.P08,complex
stojnic_2023.2.2_inefficientagent.P08,complex
stojnic_2023.2.2_inefficientagent.P09,complex
stojnic_2023.2.2_efficientagent.P09,complex
stojnic_2023.2.2_instrumentalaction.P09,complex
stojnic_2023.2.2_inaccessiblegoal.P09,complex
stojnic_2023.2.2_multiagent.P09,complex
stojnic_2023.2.2_goaldirected.P09,complex
stojnic_2023.2.2_inaccessiblegoal.P10,complex
stojnic_2023.2.2_efficientagent.P10,complex
stojnic_2023.2.2_inaccessiblegoal.P11,complex
stojnic_2023.2.2_multiagent.P11,complex
stojnic_2023.2.2_instrumentalaction.P11,complex
stojnic_2023.2.2_inefficientagent.P11,complex
stojnic_2023.2.2_goaldirected.P11,complex
stojnic_2023.2.2_efficientagent.P11,complex
stojnic_2023.2.2_instrumentalaction.P12,complex
stojnic_2023.2.2_multiagent.P12,complex
stojnic_2023.2.2_inaccessiblegoal.P12,complex
stojnic_2023.2.2_goaldirected.P12,complex
stojnic_2023.2.2_inefficientagent.P12,complex
stojnic_2023.2.2_efficientagent.P12,complex
stojnic_2023.2.2_efficientagent.P13,complex
stojnic_2023.2.2_instrumentalaction.P13,complex
stojnic_2023.2.2_inefficientagent.P13,complex
stojnic_2023.2.2_inaccessiblegoal.P14,complex
stojnic_2023.2.2_efficientagent.P14,complex
stojnic_2023.2.2_inefficientagent.P14,complex
stojnic_2023.2.2_goaldirected.P14,complex
stojnic_2023.2.2_multiagent.P14,complex
stojnic_2023.2.2_instrumentalaction.P14,complex
stojnic_2023.2.2_instrumentalaction.P15,complex
stojnic_2023.2.2_inaccessiblegoal.P15,complex
stojnic_2023.2.2_goaldirected.P15,complex
stojnic_2023.2.2_inefficientagent.P15,complex
stojnic_2023.2.2_efficientagent.P15,complex
stojnic_2023.2.2_multiagent.P15,complex
stojnic_2023.2.2_goaldirected.P16,complex
stojnic_2023.2.2_efficientagent.P16,complex
stojnic_2023.2.2_multiagent.P16,complex
stojnic_2023.2.2_inaccessiblegoal.P16,complex
stojnic_2023.2.2_inefficientagent.P16,complex
stojnic_2023.2.2_inaccessiblegoal.P17,complex
stojnic_2023.2.2_inefficientagent.P17,complex
stojnic_2023.2.2_goaldirected.P17,complex
stojnic_2023.2.2_instrumentalaction.P17,complex
stojnic_2023.2.2_efficientagent.P17,complex
stojnic_2023.2.2_multiagent.P17,complex
stojnic_2023.2.2_instrumentalaction.P18,complex
stojnic_2023.2.2_goaldirected.P18,complex
stojnic_2023.2.2_inefficientagent.P18,complex
stojnic_2023.2.2_efficientagent.P18,complex
stojnic_2023.2.2_multiagent.P18,complex
stojnic_2023.2.2_inaccessiblegoal.P18,complex
stojnic_2023.2.2_efficientagent.P19,complex
stojnic_2023.2.2_goaldirected.P19,complex
stojnic_2023.2.2_inefficientagent.P19,complex
stojnic_2023.2.2_instrumentalaction.P19,complex
stojnic_2023.2.2_multiagent.P19,complex
stojnic_2023.2.2_inaccessiblegoal.P19,complex
stojnic_2023.2.2_multiagent.P20,complex
stojnic_2023.2.2_instrumentalaction.P20,complex
stojnic_2023.2.2_goaldirected.P20,complex
stojnic_2023.2.2_inefficientagent.P21,complex
stojnic_2023.2.2_goaldirected.P21,complex
stojnic_2023.2.2_efficientagent.P21,complex
stojnic_2023.2.2_multiagent.P21,complex
stojnic_2023.2.2_instrumentalaction.P21,complex
stojnic_2023.2.2_inaccessiblegoal.P21,complex
stojnic_2023.2.2_goaldirected.P22,complex
stojnic_2023.2.2_instrumentalaction.P22,complex
stojnic_2023.2.2_inefficientagent.P22,complex
stojnic_2023.2.2_multiagent.P22,complex
stojnic_2023.2.2_efficientagent.P22,complex
stojnic_2023.2.2_inaccessiblegoal.P22,complex
stojnic_2023.2.2_efficientagent.P23,complex
stojnic_2023.2.2_multiagent.P23,complex
stojnic_2023.2.2_goaldirected.P23,complex
stojnic_2023.2.2_inefficientagent.P23,complex
stojnic_2023.2.2_inaccessiblegoal.P23,complex
stojnic_2023.2.2_instrumentalaction.P23,complex
stojnic_2023.2.2_efficientagent.P24,complex
stojnic_2023.2.2_instrumentalaction.P24,complex
stojnic_2023.2.2_inaccessiblegoal.P24,complex
stojnic_2023.2.2_multiagent.P24,complex
stojnic_2023.2.2_goaldirected.P24,complex
stojnic_2023.2.2_inefficientagent.P24,complex
stojnic_2023.2.2_multiagent.P25,complex
stojnic_2023.2.2_efficientagent.P25,complex
stojnic_2023.2.2_goaldirected.P25,complex
stojnic_2023.2.2_inefficientagent.P25,complex
stojnic_2023.2.2_inaccessiblegoal.P25,complex
stojnic_2023.2.2_instrumentalaction.P25,complex
stojnic_2023.2.2_multiagent.P26,complex
stojnic_2023.2.2_inaccessiblegoal.P26,complex
stojnic_2023.2.2_efficientagent.P26,complex
stojnic_2023.2.2_goaldirected.P26,complex
stojnic_2023.2.2_instrumentalaction.P26,complex
stojnic_2023.2.2_inefficientagent.P26,complex
stojnic_2023.2.2_goaldirected.P27,complex
stojnic_2023.2.2_inefficientagent.P27,complex
stojnic_2023.2.2_efficientagent.P27,complex
stojnic_2023.2.2_instrumentalaction.P27,complex
stojnic_2023.2.2_multiagent.P27,complex
stojnic_2023.2.2_multiagent.P28,complex
stojnic_2023.2.2_goaldirected.P28,complex
stojnic_2023.2.2_inaccessiblegoal.P28,complex
stojnic_2023.2.2_instrumentalaction.P28,complex
stojnic_2023.2.2_inefficientagent.P28,complex
stojnic_2023.2.2_efficientagent.P28,complex
stojnic_2023.2.2_multiagent.P29,complex
stojnic_2023.2.2_inefficientagent.P29,complex
stojnic_2023.2.2_instrumentalaction.P29,complex
stojnic_2023.2.2_efficientagent.P29,complex
stojnic_2023.2.2_inaccessiblegoal.P29,complex
stojnic_2023.2.2_inaccessiblegoal.P30,complex
stojnic_2023.2.2_efficientagent.P30,complex
stojnic_2023.2.2_inefficientagent.P30,complex
stojnic_2023.2.2_multiagent.P30,complex
stojnic_2023.2.2_instrumentalaction.P30,complex
stojnic_2023.2.2_inefficientagent.P31,complex
stojnic_2023.2.2_instrumentalaction.P31,complex
stojnic_2023.2.2_goaldirected.P31,complex
stojnic_2023.2.2_efficientagent.P31,complex
stojnic_2023.2.2_inaccessiblegoal.P31,complex
stojnic_2023.2.2_multiagent.P31,complex
stojnic_2023.2.2_efficientagent.P32,complex
stojnic_2023.2.2_multiagent.P32,complex
stojnic_2023.2.2_goaldirected.P32,complex
stojnic_2023.2.2_inefficientagent.P32,complex
stojnic_2023.2.2_inaccessiblegoal.P32,complex
stojnic_2023.2.2_instrumentalaction.P32,complex
stojnic_2023.2.2_goaldirected.P03b,complex
stojnic_2023.2.2_inaccessiblegoal.P07b,complex
stojnic_2023.2.2_goaldirected.P07b,complex
stojnic_2023.2.2_multiagent.P07b,complex
stojnic_2023.2.2_instrumentalaction.P07b,complex
stojnic_2023.2.2_goaldirected.P08b,complex
stojnic_2023.2.2_multiagent.P08b,complex
stojnic_2023.2.2_efficientagent.P08b,complex
stojnic_2023.2.2_inefficientagent.P08b,complex
stojnic_2023.2.2_instrumentalaction.P08b,complex
stojnic_2023.2.2_inaccessiblegoal.P10b,complex
stojnic_2023.2.2_instrumentalaction.P10b,complex
stojnic_2023.2.2_efficientagent.P10b,complex
stojnic_2023.2.2_multiagent.P10b,complex
stojnic_2023.2.2_inefficientagent.P10b,complex
stojnic_2023.2.2_goaldirected.P10b,complex
stojnic_2023.2.2_efficientagent.P13b,complex
stojnic_2023.2.2_inaccessiblegoal.P13b,complex
stojnic_2023.2.2_instrumentalaction.P13b,complex
stojnic_2023.2.2_goaldirected.P13b,complex
stojnic_2023.2.2_inefficientagent.P13b,complex
stojnic_2023.2.2_multiagent.P13b,complex
stojnic_2023.2.2_inaccessiblegoal.P07c,complex
stojnic_2023.2.2_goaldirected.P07c,complex
stojnic_2023.2.2_multiagent.P07c,complex
stojnic_2023.2.2_efficientagent.P07c,complex
stojnic_2023.2.2_instrumentalaction.P07c,complex
stojnic_2023.2.2_inefficientagent.P07c,complex
stojnic_2023.2.2_goaldirected.P16b,complex
stojnic_2023.2.2_efficientagent.P16b,complex
stojnic_2023.2.2_multiagent.P16b,complex
stojnic_2023.2.2_instrumentalaction.P16b,complex
stojnic_2023.2.2_inaccessiblegoal.P16b,complex
stojnic_2023.2.2_inefficientagent.P16b,complex
stojnic_2023.2.2_instrumentalaction.P20b,complex
stojnic_2023.2.2_inefficientagent.P20b,complex
stojnic_2023.2.2_inaccessiblegoal.P20b,complex
stojnic_2023.2.2_efficientagent.P20b,complex
stojnic_2023.2.2_goaldirected.P20b,complex
stojnic_2023.2.2_goaldirected.P27b,complex
stojnic_2023.2.2_inefficientagent.P27b,complex
stojnic_2023.2.2_efficientagent.P27b,complex
stojnic_2023.2.2_instrumentalaction.P27b,complex
stojnic_2023.2.2_multiagent.P27b,complex
stojnic_2023.2.2_goaldirected.P03c,complex
stojnic_2023.2.2_inaccessiblegoal.P03c,complex
stojnic_2023.2.2_instrumentalaction.P03c,complex
stojnic_2023.2.2_inefficientagent.P03c,complex
stojnic_2023.2.2_multiagent.P20c,complex
stojnic_2023.2.2_efficientagent.P27c,complex
stojnic_2023.2.2_instrumentalaction.P27c,complex
stojnic_2023.2.2_goaldirected.P08c,complex
stojnic_2023.2.2_multiagent.P08c,complex
stojnic_2023.2.2_efficientagent.P08c,complex
stojnic_2023.2.2_inaccessiblegoal.P08c,complex
stojnic_2023.2.2_inefficientagent.P08c,complex
stojnic_2023.2.2_goaldirected.P03d,complex
stojnic_2023.2.2_inaccessiblegoal.P03d,complex
stojnic_2023.2.2_inaccessiblegoal.P30b,complex
stojnic_2023.2.2_goaldirected.P03e,complex
stojnic_2023.2.2_inaccessiblegoal.P03e,complex
stojnic_2023.2.2_instrumentalaction.P03e,complex
stojnic_2023.2.2_inefficientagent.P03e,complex
stojnic_2023.2.2_multiagent.P03e,complex
stojnic_2023.2.2_efficientagent.P03e,complex
stojnic_2023.2.2_inaccessiblegoal.P30c,complex
stojnic_2023.2.2_efficientagent.P30c,complex
stojnic_2023.2.2_inefficientagent.P30c,complex
stojnic_2023.2.2_goaldirected.P30c,complex
stojnic_2023.2.2_multiagent.P30c,complex
stojnic_2023.2.2_instrumentalaction.P30c,complex
stojnic_2023.2.2_multiagent.P20d,complex
stojnic_2023.2.2_instrumentalaction.P20d,complex
stojnic_2023.2.2_inefficientagent.P20d,complex
stojnic_2023.2.2_goaldirected.P27d,complex
stojnic_2023.2.2_inefficientagent.P27d,complex
stojnic_2023.2.2_inaccessiblegoal.P27d,complex
stojnic_2023.2.2_efficientagent.P27d,complex
stojnic_2023.2.2_instrumentalaction.P27d,complex
stojnic_2023.2.2_multiagent.P27d,complex
stojnic_2023.2.2_goaldirected.P08d,complex
stojnic_2023.2.2_multiagent.P08d,complex
stojnic_2023.2.2_efficientagent.P08d,complex
stojnic_2023.2.2_inefficientagent.P08d,complex
stojnic_2023.2.2_instrumentalaction.P08d,complex
stojnic_2023.2.2_inaccessiblegoal.P06b,complex
stojnic_2023.2.2_multiagent.P20e,complex
stojnic_2023.2.2_instrumentalaction.P20e,complex
stojnic_2023.2.2_inefficientagent.P20e,complex
stojnic_2023.2.2_inaccessiblegoal.P20e,complex
stojnic_2023.2.2_efficientagent.P20e,complex
stojnic_2023.2.2_goaldirected.P20e,complex
stojnic_2023.2.2_goaldirected.P08e,complex
stojnic_2023.2.2_multiagent.P08e,complex
stojnic_2023.2.2_efficientagent.P08e,complex
stojnic_2023.2.2_inaccessiblegoal.P08e,complex
stojnic_2023.2.2_inefficientagent.P08e,complex
stojnic_2023.2.2_goaldirected.P06c,complex
stojnic_2023.2.2_inaccessiblegoal.P06c,complex
stojnic_2023.2.2_instrumentalaction.P06c,complex
stojnic_2023.2.2_inefficientagent.P06c,complex
stojnic_2023.2.2_multiagent.P06c,complex
stojnic_2023.2.2_efficientagent.P06c,complex
stojnic_2023.2.2_multiagent.P29b,complex
stojnic_2023.2.2_inefficientagent.P29b,complex
stojnic_2023.2.2_instrumentalaction.P29b,complex
stojnic_2023.2.2_efficientagent.P29b,complex
stojnic_2023.2.2_goaldirected.P29b,complex
stojnic_2023.2.2_inaccessiblegoal.P29b,complex
stojnic_2023.2.2_goaldirected.P08f,complex
stojnic_2023.2.2_multiagent.P08f,complex
stojnic_2023.2.2_efficientagent.P08f,complex
stojnic_2023.2.2_inaccessiblegoal.P08f,complex
stojnic_2023.2.2_inefficientagent.P08f,complex
stojnic_2023.2.2_instrumentalaction.P08f,complex
stojnic_2023.2.2_goaldirected.P08g,complex
stojnic_2023.2.2_multiagent.P08g,complex
stojnic_2023.2.2_inefficientagent.P08g,complex
stojnic_2023.2.2_instrumentalaction.P08g,complex
thoermer_2013.1.1_goalencoding.1,complex
thoermer_2013.1.1_goalencoding.2,complex
thoermer_2013.1.1_goalencoding.3,complex
thoermer_2013.1.1_goalencoding.4,complex
thoermer_2013.1.1_goalencoding.5,complex
thoermer_2013.1.1_goalencoding.6,complex
thoermer_2013.1.1_goalencoding.7,complex
thoermer_2013.1.1_goalencoding.8,complex
thoermer_2013.1.1_goalencoding.9,complex
thoermer_2013.1.1_goalencoding.10,complex
thoermer_2013.1.1_goalencoding.12,complex
thoermer_2013.1.1_goalencoding.13,complex
thoermer_2013.1.1_goalencoding.14,complex
thoermer_2013.1.1_goalencoding.15,complex
thoermer_2013.1.1_goalencoding.16,complex
thoermer_2013.1.1_goalencoding.17,complex
thoermer_2013.1.1_goalencoding.18,complex
thoermer_2013.1.1_goalencoding.19,complex
thoermer_2013.1.1_goalencoding.20,complex
thoermer_2013.1.1_goalencoding.21,complex
thoermer_2013.1.1_goalencoding.22,complex
thoermer_2013.1.1_goalencoding.23,complex
thoermer_2013.1.1_goalencoding.24,complex
thoermer_2013.1.1_goalencoding.25,complex
thoermer_2013.1.1_goalencoding.26,complex
thoermer_2013.1.1_goalencoding.27,complex
thoermer_2013.1.1_goalencoding.28,complex
thoermer_2013.1.1_goalencoding.29,complex
thoermer_2013.1.1_goalencoding.30,complex
thoermer_2013.1.1_goalencoding.31,complex
thoermer_2013.1.1_goalencoding.32,complex
thoermer_2013.1.1_goalencoding.33,complex
thoermer_2013.1.1_goalencoding.34,complex
thoermer_2013.1.1_goalencoding.35,complex
thoermer_2013.1.1_goalencoding.36,complex
thoermer_2013.1.1_goalencoding.37,complex
thoermer_2013.1.1_goalencoding.38,complex
thoermer_2013.1.1_goalencoding.39,complex
thoermer_2013.1.1_goalencoding.40,complex
thoermer_2013.1.1_goalencoding.41,complex
thoermer_2013.1.1_goalencoding.42,complex
thoermer_2013.1.1_goalencoding.43,complex
thoermer_2013.1.1_goalencoding.44,complex
woo_2021.1.1.1,complex
woo_2021.1.1.10,complex
woo_2021.1.1.11,complex
woo_2021.1.1.12,complex
woo_2021.1.1.13,complex
woo_2021.1.1.14,complex
woo_2021.1.1.15,complex
woo_2021.1.1.16,complex
woo_2021.1.1.17,complex
woo_2021.1.1.18,complex
woo_2021.1.1.19,complex
woo_2021.1.1.2,complex
woo_2021.1.1.20,complex
woo_2021.1.1.3,complex
woo_2021.1.1.4,complex
woo_2021.1.1.5,complex
woo_2021.1.1.6,complex
woo_2021.1.1.7,complex
woo_2021.1.1.8,complex
woo_2021.1.1.9,complex
woo_2021.2.2.p31,complex
woo_2021.2.2.p24,complex
woo_2021.2.2.p35,complex
woo_2021.2.2.p34,complex
woo_2021.2.2.p42,complex
woo_2021.2.2.p47,complex
woo_2021.2.2.p41,complex
woo_2021.2.2.p27,complex
woo_2021.2.2.p26,complex
woo_2021.2.2.p28,complex
woo_2021.2.2.p32,complex
woo_2021.2.2.p33,complex
woo_2021.2.2.p25,complex
woo_2021.2.2.p38,complex
woo_2021.2.2.p30,complex
woo_2021.2.2.p43,complex
woo_2021.2.2.p44,complex
woo_2021.2.2.p39,complex
woo_2021.2.2.p40,complex
woo_2021.2.2.p37,complex
woo_2021.2.2.p46,complex
woo_2021.2.2.p29,complex
woo_2021.2.2.p36,complex
woo_2021.3.3.p69,complex
woo_2021.3.3.p67,complex
woo_2021.3.3.p70,complex
woo_2021.3.3.p72,complex
woo_2021.3.3.p73,complex
woo_2021.3.3.p66,complex
woo_2021.3.3.p71,complex
woo_2021.3.3.p68,complex
woo_2021.3.3.p74,complex
woo_2021.3.3.p77,complex
woo_2021.3.3.p79,complex
woo_2021.3.3.p81,complex
woo_2021.3.3.p75,complex
woo_2021.3.3.p76,complex
woo_2021.3.3.p78,complex
woo_2021.3.3.p80,complex
woo_2021.3.3.p85,complex
woo_2021.3.3.p86,complex
woo_2021.3.3.p84,complex
woo_2021.3.3.p88,complex
woo_2021.3.3.p83,complex
woo_2021.3.3.p87,complex
woo_2021.3.3.p89,complex
woo_2021.3.3.p82,complex
